"waterbody_type","area_m2","geom"
"W","3902.5263304878","0106000020BD0B0000010000000103000000010000001000000018AE47412F8633417068912D31313541B81E85CB2F863341D8A3703D3331354158643BFF3D86334130DD24C643313541B8490CE2458633411058393446313541B8C876FE4C8633412085EB71443135417814AE875D863341A0703D2A38313541C0CAA1656C863341D8CEF7B322313541B8F3FD746C863341283108AC0A313541580E2D3259863341C0F528BCF730354170E7FB494C8633411083C04AF530354118AE47214586334170E7FBE9F9303541F0D24DC2358633419018045601313541280681F528863341102DB2DD14313541F0FDD41829863341F8A9F13216313541683BDFAF298633411083C0EA1B31354118AE47412F8633417068912D31313541"
"W","3873.99971899576","0106000020BD0B0000010000000103000000010000001500000090ED7C5F35E03241E851B81EBF96344160BA496C34E0324178E92611BF96344180C0CAA126E0324198999999D0963441D0F753631BE03241986E1223D796344130DD240612E0324198C420B0DF963441180456AE0BE0324168BC7473E79634416010581903E03241A8C64B17F6963441C84B37A9FEDF324110022B070097344178E92651FEDF324120B072080A973441B8C876DEFFDF3241F8A9F1121297344150B81EC507E03241F0A7C66B14973441088195E317E03241A0703D0A14973441C84B378928E03241886CE7BB0497344138B4C81641E03241388941C0F4963441508D976E4AE03241886CE71BEE963441F853E34551E03241B09DEF47DA963441986E12A354E03241A01A2F7DCF963441701283A051E0324190976E52CF963441B8C876FE41E032418816D9AEC9963441989999193AE03241D04D6250C496344190ED7C5F35E03241E851B81EBF963441"
"W","3856.7665089462","0106000020BD0B000001000000010300000001000000220000005839B4A87DB93241601058B97BA1344120B072C884B93241A8C64BF777A1344190976E529AB9324158643BBF6BA13441C0CAA1E5AFB93241886CE7BB5EA13441D8F97E4AC8B93241C0F528BC54A1344190180456DDB93241388941A053A13441E04F8D57E3B93241806ABCD452A13441608FC2F5E9B93241986E12235BA13441A045B653EBB93241205A643B6CA1344118AE4701EEB932418095436B72A1344168BC74F3F4B93241E02406A172A1344108560E4DFBB9324140355EDA6AA13441D8CEF7B3FDB93241E8D022FB63A1344188EB5138FEB9324138B4C8F656A13441E8D0227BFCB93241B09DEFC751A13441A01A2FDDF2B93241F87E6A5C48A1344130DD2406E7B9324170E7FBE943A134417068910DDDB93241E07A146E42A1344150B81E05C8B93241608FC29542A134411083C00ABBB93241F0D24D0243A13441B8C876DEB4B93241B07268D146A1344100D578E9ADB93241683BDF8F47A1344108560EADA8B932411804564E4AA13441102DB2FD8EB93241E07A144E5DA134415839B46883B93241E0A59BE469A13441C8A1451679B93241385EBA6972A13441B09DEF0774B93241B8490C4273A13441A0EFA7065BB9324120B0722874A13441283108CC4FB9324130B29DCF78A134415839B4A84EB93241508D97AE7DA1344188EB513850B93241F07C3FD586A1344150B81EE558B93241E07A142E8DA13441C84B37E967B93241C0CAA1C58EA134415839B4A87DB93241601058B97BA13441"
"W","3856.67541948613","0106000020BD0B00000100000001030000000100000011000000F07C3FB506733341182FDD4413B93441F8285C0F077333417814AE6717B93441288716F91C73334158643B3F1AB93441901804562D733341A01A2FFD28B93441608FC2553F733341F0D24DC227B93441E8FBA97146733341E826310825B9344190976E124E733341C84B374915B9344198C420D05373334120B0728806B93441D8A370FD5373334108D7A39002B93441D04D62904D73334198C42030F3B8344130DD2426417333417814AEA7E5B83441C8A145363D73334148B6F37DE3B834418095432B2973334148E17AB4E5B83441580E2DD219733341E851B8FEECB83441F0D24D620F733341F0A7C6ABF6B83441683BDFAF05733341D8A3703D07B93441F07C3FB506733341182FDD4413B93441"
"W","3855.48649896262","0106000020BD0B0000010000000103000000010000001300000090C2F5E8C0DE3241D8CEF7B3989334412085EB71C2DE3241E851B83E99933441B81E85CBD0DE3241483789E1A79334417814AEC7E3DE3241C0CAA1C5A893344170E7FBC9F2DE324110583954A8933441B01C5A24F9DE3241F87E6A9C9F93344108560ECDF9DE3241E82631889093344168666686F6DE3241A8F1D24D7C933441B09DEF07EEDE3241400AD70371933441F8285C2FE8DE324138B4C8B66C9334415839B448E0DE3241803F355E6A93344170E7FB69C8DE3241102DB25D6993344108560E2DB7DE3241205A64BB6F93344158643BFFB0DE3241205A647B74933441F0D24DC2ABDE32416891ED3C7A933441608FC215ABDE3241A045B6338893344178E926D1AFDE3241703D0A778F93344110022BA7B5DE324188EB51B89493344190C2F5E8C0DE3241D8CEF7B398933441"
"W","3846.65153799648","0106000020BD0B00000100000001030000000100000021000000B01C5A2483F4324158643B1F21FE3441D8CEF71384F4324118AE472122FE344100D5782992F43241986E12E338FE344160BA49CC9AF4324188EB513840FE3441506210F8A1F4324178BE9FDA42FE34412831082CABF43241F87E6A3C46FE3441F853E365B3F4324180C0CA4149FE344108AC1C3ABCF43241C876BE9F4CFE3441A8F1D22DC6F43241989999194FFE344130B29D2FCFF43241105839744FFE3441480C022BD5F43241703D0A9750FE344110583914DAF43241E851B8DE50FE3441F0FDD4F8E1F4324178BE9F3A53FE3441506210F8E7F4324100D5786953FE3441A8F1D24DE9F4324120B072884BFE3441D8A3709DE7F43241683BDF6F44FE3441180456EEE7F43241806ABCD43BFE3441B07268F1E7F4324180C0CA813BFE3441D8CEF733E8F43241D878E96634FE3441B01C5A44E7F43241182FDD6433FE3441A8F1D2CDDBF43241C09F1ACF26FE344108560E4DD4F43241303333731AFE3441E02406C1D0F43241F0D24D6210FE344188416005CFF4324130DD24260CFE3441A0703DAACBF4324148B6F31D13FE34412831086CC9F4324148E17A1418FE3441703D0A17C2F43241A0EFA7C61FFE34416891ED1CBBF4324190976E7221FE344110022B47A9F43241D022DBB91DFE3441400AD763A1F43241D0CCCC4C19FE3441B8F3FD34A1F4324118AE47611EFE3441E0A59B049BF4324170E7FB2922FE3441B01C5A2483F4324158643B1F21FE3441"
"W","3846.16966097336","0106000020BD0B0000010000000103000000010000001A00000088EB5138F7013341806ABCB4CEA1344138B4C8B6F6013341A045B6B3D8A134411083C02A00023341A8F1D22DE5A13441F853E3C50C023341601058B9F0A134411804566E1B023341C876BE3FF8A13441408B6C472A023341F0A7C6EBFCA134417068912D3B023341F8A9F192FDA13441B09DEF074D0233419899995900A23441F853E3C55D023341408B6C2708A2344180C0CA816E023341580E2DD20BA23441806ABC747E0233418095436B0CA23441088195A387023341E02406E10AA23441285C8FA28A023341683BDFEF09A23441884160C58B023341E8FBA91105A23441F87E6AFC8A0233413889410002A23441E07A146E7A02334130DD2446F5A1344148E17A946802334178E92691F4A13441205A649B580233418816D9CEF3A13441102DB21D44023341400AD703E7A134418816D96E3502334110583954DFA13441388941C026023341E0A59BA4D7A134415839B40816023341C876BEFFCFA13441408B6C6706023341D8CEF753CAA1344168666666FD01334188EB51F8C9A13441C84B3749F901334138DF4FCDCBA1344188EB5138F7013341806ABCB4CEA13441"
"W","3839.34322103858","0106000020BD0B00000100000001030000000100000010000000C0CAA1C504333341B8490C826EC23441686666A605333341F0D24D825AC23441A8F1D22D0633334130B29D8F4FC23441182FDD64FC32334190C2F5084AC23441B8F3FD74EC323341102DB25D46C23441A89BC460DB32334118AE47A149C23441288716D9D1323341806ABC5458C23441B09DEF27CB3233415839B42868C23441B09DEF67C23233413008ACDC77C23441E07A14CEC232334170E7FBE988C23441508D97AEC432334198C420F08AC234418816D98ED5323341B8C8769E8FC23441B01C5A84E532334130B29D4F8FC23441A89BC4C0F63233416891EDFC89C2344130B29D2F0233334170E7FB897FC23441C0CAA1C504333341B8490C826EC23441"
"W","3813.93370754644","0106000020BD0B0000010000000103000000010000001D00000030DD24C61E1F334138DF4FCDD1B53441102DB2BD251F334188416025D0B534416891ED7C281F3341480C022BBEB53441803F353E251F3341683BDF0FAEB53441789318641F1F334178E926B1AAB53441F0A7C6AB1A1F334178BE9F7AA5B5344120DBF99E0E1F3341A8F1D20D8DB5344118D9CE77FD1E33414060E53077B5344188EB51F8EE1E334160E5D0826BB53441803F355EEB1E3341A8C64B5763B5344170E7FBA9EC1E3341A0703D6A5CB53441B01C5AE4F71E3341105839D457B5344130DD2426FA1E33414837890150B5344198C420D0F11E3341F0D24D8241B53441E0240661EB1E334178E9263135B53441B8C876BEE21E3341706891ED2BB5344118AE47A1DB1E334120DBF99E2CB534413008AC9CD81E3341A8C64B772FB5344150E3A5FBD61E33413008AC7C3EB53441B8490C22D91E3341B01C5AA44FB53441D8A3707DDD1E334180C0CAE161B53441A0EFA7E6E31E3341E8D0221B70B5344100D57849EB1E334160BA498C7EB53441C820B0B2F11E3341C0CAA1C58CB53441601058F9FA1E33417814AE479CB5344150621058051F3341A01A2FBDAAB53441D04D62D00D1F334190180416B9B5344148B6F31D161F3341580E2D72CAB5344130DD24C61E1F334138DF4FCDD1B53441"
"W","3774.73042545561","0106000020BD0B00000100000001030000000100000018000000C0F5283C4AB13341A0EFA72658503541580E2D3259B1334150B81EC55A5035413008AC9C65B13341806ABC344F503541F0A7C64B6EB1334108D7A3903F5035413889418071B133414060E5B03A50354190ED7C3F7CB13341F0D24D0228503541D878E90684B1334168BC74531450354148E17AF488B13341C820B07200503541C876BEDF88B1334160105879EA4F3541D0F753A37EB1334178E926F1D74F354190976E527DB13341400AD703DF4F3541C8A145D677B13341480C02ABE84F3541F8A9F1B273B13341C0CAA185EC4F3541D04D62D06EB13341C0749358EC4F3541E0A59B046AB13341E04F8D37E44F354148E17A3468B1334198438B2CFB4F3541E8FBA97160B1334110022BE70D5035412831084C59B1334108560E8D11503541A01A2FFD54B1334138B4C87617503541F0FDD4F854B13341480C026B1850354108560E0D52B1334198438B4C2F5035415062109858B13341385EBAA938503541C820B0B252B13341E07A146E4D503541C0F5283C4AB13341A0EFA72658503541"
"W","3754.31203650869","0106000020BD0B00000100000001030000000100000016000000F8285C4F750A334150B81EC57412354110022B27710A334118AE478178123541686666C66D0A33412831086C80123541480C020B6C0A334100D578699312354120DBF95E630A334138B4C816A4123541F07C3FD5550A3341803F359EB112354198C42070460A3341803F35FEB8123541E04F8D37430A33416891EDBCBD123541F853E365420A3341F0D24DC2D4123541C0749318440A3341408B6CE7DA123541480C020B4B0A334168666626DB12354190ED7C7F630A3341C8A14536CF123541E8FBA9D1670A33418095436BC912354110022B677A0A334168666606BC123541480C022B880A334190ED7C9FA8123541803F35BE8E0A334108560ECD9B12354160105899910A3341F0A7C6EB87123541E8D022DB8D0A3341D8CEF7B3801235417068912D890A3341989999797812354190ED7C3F850A33419018045676123541B81E856B790A3341884160E573123541F8285C4F750A334150B81EC574123541"
"W","3752.32503050542","0106000020BD0B0000010000000103000000010000001400000018AE4781F6E63241608FC2755A9C344188416045F1E632414060E5305D9C344108560ECDE9E6324148B6F3DD689C3441C09F1A0FE7E63241508D97CE7B9C34415839B4E8E9E63241508D970E819C344178BE9F5AF9E63241000000A08B9C3441F8A9F112FBE63241F0FDD4B8929C3441F0D24DE20AE7324118D9CE77969C3441A045B6731EE7324128068155A39C3441408B6C0729E73241683BDFCFA99C3441E04F8D1737E73241B01C5A64AB9C3441C820B0323EE73241385EBA89A69C344198438BAC3FE7324198C420B09A9C344118D9CE1738E7324108819543939C344108D7A35025E7324120B072888B9C3441000000C020E73241E0240641819C3441608FC2D520E73241408B6C47689C344118AE474119E73241B047E1DA609C34414060E5500FE73241205A647B5C9C344118AE4781F6E63241608FC2755A9C3441"
"W","3750.21265695244","0106000020BD0B00000100000001030000000100000013000000D878E9C666D8334198438B6C908F34414060E5D06ED83341F0D24DC28E8F3441508D976E7BD8334190976E32808F344148E17AF489D83341002B87D6738F3441480C024B98D83341280681556A8F344118D9CEB79FD83341385EBAA9608F34411804564EA1D83341182FDDA4518F3441E0A59BE4A2D83341D878E9A6458F3441B072685196D8334138B4C8363B8F3441C0CAA1458ED833418816D9CE3A8F3441608FC2D57BD8334108819523458F344178E926D16AD83341C820B072478F344110022B675DD83341886CE7DB508F3441D04D62D05ED83341480C020B618F3441C820B03263D83341806ABC346F8F344110022B675FD83341400AD723808F3441000000205ED83341280681158A8F344138B4C8F660D83341088195438E8F3441D878E9C666D8334198438B6C908F3441"
"W","3748.77537945996","0106000020BD0B0000010000000103000000010000001400000048E17A140FE13241B8F3FD947190344190976EF207E13241608FC2357490344150E3A57BFDE03241E0A59BC47E90344178931844FBE03241F87E6ABC83903441608FC215F7E0324120DBF99EA0903441F0FDD478F5E0324110583994AD903441A8F1D24DF8E032413008ACBCB4903441A89BC4E0FFE032413008AC1CBD90344138B4C8D606E13241A045B673BE90344170E7FBC919E1324108819523C09034410881952320E13241F0A7C66BB790344180C0CAC124E13241683BDF8FA8903441F8285CEF27E1324178E926B1A290344130DD246632E13241F0D24D229890344140355EDA39E1324190C2F5688D903441D04D62303AE132417068916D8690344100D5786936E13241C84B3749819034415839B4A82EE13241F8285CCF7A903441B81E850B1FE13241986E12437390344148E17A140FE13241B8F3FD9471903441"
"W","3737.83625840954","0106000020BD0B00000100000001030000000100000011000000182FDDE4AABF3341C84B37E9D3363541E8FBA9B1A4BF334108D7A3B0D9363541683BDF6FA2BF3341D0F75383DD3635412085EB519EBF334100D57869E036354130DD246688BF3341C0749398E136354180C0CA818BBF3341480C02ABF6363541789318649BBF334148B6F37D0F373541E04F8DB7A9BF334190ED7CFF21373541D022DBD9BEBF334140355EFA34373541205A649BD6BF334108560EED3A37354158643BBFD4BF33414060E5D03637354180C0CAA1CEBF3341C84B37892137354128871699C7BF3341E82631480A3735417814AEE7C5BF3341D8A3701D04373541F8A9F192BCBF3341C84B37A9F436354160105859B2BF3341608FC235E0363541182FDDE4AABF3341C84B37E9D3363541"
"W","3737.04810151923","0106000020BD0B00000100000001030000000100000012000000C820B0D220E83241508D974E53B43441703D0A972AE832412085EBB15AB4344138DF4F8D3AE8324108D7A3505AB43441C820B0B247E8324170E7FBE956B4344178E9261157E8324140355E7A4CB4344140355EBA61E83241608FC2F53DB43441608FC25576E83241809543CB30B4344138DF4FED7BE8324148B6F3FD21B43441105839347AE83241989999D91BB43441F0D24D4270E8324190ED7C7F1AB434413008AC1C63E8324148E17AD41BB43441803F35FE52E83241182FDD441EB43441F853E3E544E8324148B6F39D21B4344130DD24C63AE83241205A643B24B43441D0F7538329E83241A0703D8A2BB43441E851B8BE20E8324118AE47413FB43441B01C5A441FE83241A0EFA7264AB43441C820B0D220E83241508D974E53B43441"
"W","3735.43695347477","0106000020BD0B0000010000000103000000010000001A000000B8C8761EB50F3341205A641B2507354160105819B80F33414060E53027073541F0A7C6EBBA0F3341400AD74329073541A01A2F9DC20F3341283108AC3107354138B4C836D80F3341E851B89E3907354190C2F528DC0F3341180456CE3A073541C84B3729E80F3341E07A144E3C073541480C022BF10F334198438BAC3C07354150621018F20F33412085EB913C073541480C022BF40F33413008ACBC3B073541803F357EFB0F334198C420F032073541303333D3FC0F3341E02406212D0735418816D94EFB0F334110022BE721073541703D0A97F40F3341002B87B619073541701283E0EC0F3341D8CEF75314073541580E2D12E40F3341D0CCCCEC0D073541B8C8769ED50F334158643B5F03073541A0703DAAD10F334190976E1201073541400AD7C3BA0F3341B8F3FD340007354190C2F5A8B30F3341303333F3FF06354150621098A70F33412806815504073541C0F5281C9D0F334130B29D0F0E073541400AD7039B0F3341D8F97EEA1107354108560ECD9B0F33417814AE071407354138B4C896A10F3341E0A59B2419073541B8C8761EB50F3341205A641B25073541"
"W","3730.14088693145","0106000020BD0B00000100000001030000000100000013000000B81E85ABB2C7334188416005E3AF3441A0EFA746A7C7334148B6F37DEEAF3441205A649BA3C73341102DB25DFDAF3441F8A9F1F2A2C73341E0A59B840EB0344128068195A5C73341E024068116B03441F853E3E5A7C7334120B072A828B034418095432BB1C733417814AE2737B03441C09F1AAFBEC73341E04F8DB743B0344178E92691C6C7334118AE472147B03441A0EFA7A6C7C73341F0A7C60B47B03441480C028BCCC7334150B81E4546B0344180C0CAC1D1C7334148B6F37D42B034413008AC7CD4C733412887169932B03441A0703D2AD5C73341C84B37891FB03441809543CBD3C73341F0FDD47810B03441A0703D6ACFC733413033333301B03441B8C876FEC8C73341686666E6F2AF3441703D0A97BFC733417068918DE4AF3441B81E85ABB2C7334188416005E3AF3441"
"W","3729.25080796855","0106000020BD0B0000010000000103000000010000001B000000B09DEFC7EBC73341A8F1D24DC4223541280681B5EFC73341A01A2F7DC622354108AC1C1AF2C73341B8490C82D4223541986E12E3F7C7334158643BDFDC223541B09DEFA7FBC73341F0A7C60BDF22354190ED7CBF02C83341E0A59B44DE22354148B6F3FD04C8334148E17A54D9223541809543AB04C833414060E550C722354180C0CA6100C8334188EB5118B7223541B81E850BFDC733414060E5F0A6223541408B6CC7F8C73341580E2DB293223541E82631A8F4C733411083C06A81223541D04D62F0F0C7334130B29D4F7A223541D878E906EAC73341A045B61378223541B8F3FD94DEC73341B8F3FD9482223541F8A9F1B2D6C7334148B6F35D9722354140355EBAD5C73341285C8F62AE223541C0CAA105D4C73341C0749358BE223541F0FDD458CEC73341B81E852BD222354108560EADCEC73341D8A3701DE2223541F8A9F152D1C7334198999959E822354138DF4F4DD4C7334118D9CE77EA223541408B6C47DAC73341508D97AEEB22354150621058DCC73341483789C1E9223541E851B81EE0C73341D0CCCCCCD5223541B8F3FDD4E7C73341E0A59B24C5223541B09DEFC7EBC73341A8F1D24DC4223541"
"W","3724.71120999474","0106000020BD0B000001000000010300000001000000170000007814AE679604334198C420F0BC04354118AE476199043341C8A14516C1043541D8CEF713A1043341B81E856BC7043541285C8F02A5043341508D978EC9043541F0A7C6EBA9043341E04F8DD7C904354178BE9FBAB504334198438B4CCF043541B8F3FDB4C50433414060E510D004354118D9CED7D2043341E8263188CC043541C0F528DCD8043341C820B0B2C9043541A01A2F3DE2043341B8F3FD14C3043541506210D8DF0433415839B408B304354110583954D8043341E851B89EA704354130B29D0FCA04334158643BFF97043541480C022BB6043341400AD7239404354160105859A7043341B8490C828E043541F853E365A6043341D8CEF7738E0435411083C06AA004334130B29D4F8D043541806ABC749C043341806ABC148D043541388941609A043341886CE7FB8F04354178E926319A043341D04D62109504354148E17AB4980433412831080C9E04354188EB51F896043341803F35FEB10435417814AE679604334198C420F0BC043541"
"W","3715.23174594343","0106000020BD0B00000100000001030000000100000013000000283108CC3DAB334198C420B0EC213541986E124348AB33414060E510F821354130B29D0F57AB3341F87E6ABCFC21354170E7FB0966AB3341E0A59B64FE2135416866660675AB3341B047E1FAFD213541508D978E81AB334158643B5FF3213541701283C084AB3341E851B87EEE2135411804566E84AB3341886CE77BDC213541D0F753237AAB334140355EFACC213541B8C8765E68AB334130B29D4FC7213541C820B0724FAB334100000040C6213541285C8F4249AB334118D9CEF7C9213541506210783DAB3341A89BC480C5213541B01C5A6439AB3341E07A146EC4213541B072685134AB3341408B6C27C621354158643B3F32AB3341D878E926CA2135412806817534AB334138DF4F2DDB21354110022BE73BAB3341A01A2F7DEA213541283108CC3DAB334198C420B0EC213541"
"W","3714.86717544403","0106000020BD0B00000100000001030000000100000019000000F07C3F1505973341D022DB59F0B13441285C8F2201973341F0D24D22EFB13441803F357EFE9633413008AC1CE8B1344180C0CAE1FA963341E04F8DD7DDB13441C876BE1FF7963341C0CAA1C5D9B1344108D7A330F09633412085EB71D6B1344168BC7433F0963341102DB27DD5B1344190180416E6963341A89BC400D8B1344148E17A74E196334188EB51D8E9B13441E0240681DC96334160E5D0C200B2344130B29DEFD6963341102DB27D0CB23441C0F5289CCD9633416866662614B23441D022DB59C0963341F07C3FB51BB23441C0F528BCB596334100D578492AB2344118AE47A1B496334120B072482CB2344108AC1C3AB896334198C4207035B23441F8285C4FB99633419899995935B2344148E17A34C196334190C2F5C837B23441F0A7C6ABCC96334138B4C83643B2344148378901DF963341385EBA093BB23441703D0AD7E596334140355E3A28B23441A8C64B37EE96334118AE478120B234418095432BF9963341C876BEDF08B23441C8A1459601973341F07C3F55FDB13441F07C3F1505973341D022DB59F0B13441"
"W","3714.30423203344","0106000020BD0B00000100000001030000000100000014000000E8D0221B939B3341B047E17A52E6344118D9CED78A9B3341102DB21D5CE63441F0A7C66B829B3341102DB2BD65E6344100000080C29B3341508D976E61E63441701283E0E29B334178BE9FBA59E6344118AE4701EA9B334158643BFF53E634411804562EE79B3341D8CEF7D34FE63441283108CCD49B3341A8C64B1744E63441088195C3D29B33418095430B42E6344160BA498CBA9B334130B29DEF31E63441D04D62B0AC9B33411083C06A2FE634416891EDFC849B334148E17AB43FE63441F8285C6F709B3341884160054CE63441D8A3703D6D9B3341205A64DB51E63441E8FBA9316B9B3341608FC2D552E63441E8D0225B7D9B3341F853E3854DE63441580E2D728D9B3341F0FDD4184BE63441C0CAA165979B334140355E9A4BE63441986E1243969B334180C0CA814FE63441E8D0221B939B3341B047E17A52E63441"
"W","3712.94913357589","0106000020BD0B0000010000000103000000010000001E000000C876BE3F36D73341B8F3FD94CF943441E8D0221B36D73341683BDFAFD094344180C0CAC13BD73341986E12E3D894344178BE9F5A48D73341C0F5287CE3943441886CE73B4AD73341A8F1D28DE8943441B81E85CB48D73341F87E6A7CF2943441C8A1451646D7334180C0CA6102953441D8F97E6A4ED73341D878E9C611953441A89BC4005BD7334148E17A541D95344178E9267164D7334110022BC729953441886CE79B6FD7334140355E5A3D953441B81E856B75D7334170E7FB89429534418841600574D7334108560E6D349534411804562E74D73341C84B376931953441D8A3703D76D733417814AE872E953441E8D0223B79D73341000000A02D9534416891ED3C7CD73341901804D62D95344148B6F31D81D73341B81E850B31953441A8F1D2AD77D733412887169924953441B81E854B67D73341701283C01595344148B6F3FD5ED7334148B6F37D03953441480C02CB62D73341C09F1A8FF29434418095438B67D73341D8F97EAADE943441F0FDD43865D7334158643B9FCD943441D0CCCCEC5ED73341608FC235BE94344140355E3A51D73341B047E19AB5943441B047E15A4CD73341A8C64B77B4943441A8C64BF73BD7334158643BDFBC94344118D9CE7735D73341F0A7C68BCB943441C876BE3F36D73341B8F3FD94CF943441"
"W","3706.21295701154","0106000020BD0B00000100000001030000000100000012000000B8C8763EE1973341B8F3FD7483DD3441A0703D8ADF97334150B81E457ADD3441C876BE7FD3973341D022DBB965DD3441F853E3A5D1973341002B87B65FDD3441F87E6A1CBB973341886CE7BB3DDD3441400AD763BC973341989999B938DD3441F07C3F35D0973341F0D24D8225DD344168BC7473D297334170E7FB891DDD344100000020C8973341703D0A170DDD3441D8CEF733B2973341D878E9260BDD344108560E4DA397334138B4C8B63ADD3441B047E1DAB697334110022BA75CDD3441686666C6B8973341686666C675DD3441002B8756BF973341385EBA0981DD3441E04F8DD7CC973341B047E19A8CDD3441F0FDD4B8D497334108560EED8DDD344170128300DF973341385EBA4987DD3441B8C8763EE1973341B8F3FD7483DD3441"
"W","3697.79934344022","0106000020BD0B0000010000000103000000010000001F00000050B81E65203E3341C820B0B2ACFC34412085EB711C3E33412085EB91ADFC3441803F351E183E33411804564EB4FC3441388941C0173E3341C84B3749BBFC34416891ED3C163E334148B6F33DC8FC34417814AE87143E334150E3A53BDBFC3441803F35DE123E33418095434BE9FC344170E7FB29113E3341E04F8D37FAFC344120B072C80D3E334148E17A1403FD344190976EB2053E3341F0FDD4B806FD3441F07C3FD5FD3D3341B81E856B02FD344198999939F83D334128068135F8FC344138B4C8F6F53D33413008AC1CE9FC3441182FDDA4F73D334110022B07D8FC344108AC1C5AF93D334100D57809C5FC3441A01A2FBDF63D3341703D0AF7BBFC344108AC1CDAF13D3341F8A9F1D2BBFC344140355E9AEC3D334150621098C0FC3441C820B0B2E73D3341B01C5A8405FD3441F0A7C6EBE93D33415839B4A81AFD344158643B9FEE3D3341303333F321FD344108D7A370F73D3341102DB23D24FD3441182FDDA4063E334160BA49EC1FFD3441806ABCF4133E3341D022DB5917FD344148E17A741E3E334130B29DCF0DFD344100D578C9223E33414837890105FD3441A8F1D24D243E3341E8D022FBF5FC34418816D90E253E334100000000E5FC344148378981243E3341C84B37E9C2FC3441E0240641223E334138DF4FADAFFC344150B81E65203E3341C820B0B2ACFC3441"
"W","3683.45772099029","0106000020BD0B0000010000000103000000010000001D000000E8263128CEDC324128871699A9A93441002B8756CEDC324180C0CAA1ACA93441F853E3E5C2DC3241E04F8D17B8A9344140355E9AC1DC324188416005BFA9344148E17A54C3DC324100D57829C5A93441F87E6A1CCADC324150621078CAA93441E02406C1D9DC324188EB5138D1A93441D04D62B0E0DC3241F853E365D2A9344198C420F0F1DC3241D022DB19CEA9344138B4C896F0DC3241102DB21DBEA9344180C0CA61EFDC3241F07C3FF5AAA93441408B6CE7EFDC3241F0D24D02A0A93441E851B85EF4DC3241C074931892A9344130B29D0F01DD3241F853E38583A93441580E2DB205DD3241A0703DAA74A934413008AC3C06DD3241A01A2FBD65A9344148B6F35DF7DC3241B8490C0263A93441A8F1D24DEFDC3241E851B8BE65A9344148378921E9DC3241D8F97E8A69A9344158643B9FEBDC3241601058B976A9344160BA49ECEADC3241789318A485A93441E0A59BA4E3DC3241E8FBA9718BA93441B047E19ADADC3241E04F8DF78DA934415839B4A8D3DC3241803F35BE8DA93441C0CAA185CCDC324120DBF95E90A9344148B6F33DC8DC32418095434B97A93441C0CAA1E5C7DC3241A0EFA7469EA93441D8A370BDCDDC324168BC7493A2A93441E8263128CEDC324128871699A9A93441"
"W","3667.71495102513","0106000020BD0B00000100000001030000000100000019000000C84B3769954A3341F8285C6F21F33441C0CAA165A14A3341E07A14EE23F33441E8D0221BBE4A3341D0F7532312F33441283108ECC34A3341D878E966FFF2344178BE9F9AC54A33418816D96EEFF2344148E17A54C04A3341A045B613DEF23441A0703DAABE4A334148B6F3FDD2F23441703D0A37C54A334108D7A330C6F23441A045B653C64A334108D7A330C4F23441A0EFA786C64A3341002B8756C1F23441806ABCB4C34A3341C09F1A2FBDF23441F853E3A5BE4A3341886CE7FBBDF2344148E17A54B44A334118AE4781C4F23441C84B37C9A74A334150621018D1F2344138B4C8569C4A3341D0F753A3DCF23441D8CEF7B39C4A3341D04D62B0EDF23441088195639B4A3341886CE79BF4F23441408B6CA7914A33416891ED3C04F33441B09DEF67894A3341388941000CF33441F853E3C5894A3341886CE7FB1AF33441D022DB79914A33419899995921F3344100D57869924A33416891ED5C22F3344188416085934A3341508D976E22F3344190180476944A33413889416021F33441C84B3769954A3341F8285C6F21F33441"
"W","3013.36940998887","0106000020BD0B0000010000000103000000020000000F000000C820B072A89E3341F853E3E517EC3441F0A7C6CBB19E334158643B3F10EC3441F853E3A5B69E334130DD2466FBEB3441B8F3FD34BC9E33417814AE67D5EB3441A8F1D28DB69E3341608FC235B8EB3441683BDFAFB19E3341C820B0F2B2EB344158643BDFA89E3341C84B3789AEEB3441986E12639E9E334190C2F528BCEB3441D8F97EAA949E33414060E5D0CDEB3441F07C3F558E9E334150621098ECEB3441A045B6B38F9E3341601058D913EC344130333393919E334148E17AF417EC3441C8A14576939E334100D5780919EC34418816D96E969E3341E82631081AEC3441C820B072A89E3341F853E3E517EC34410A000000901804F6AA9E3341285C8FC2C5EB3441F07C3FD5AC9E3341102DB2DDC9EB344118D9CED7A99E3341105839B4E1EB3441D0CCCC2CA39E3341C876BE9F07EC3441F0A7C6EB9D9E3341580E2D520DEC3441806ABC149B9E3341F87E6A1CF1EB34418816D98E9F9E3341C8A14556E8EB344158643BDF9D9E334108819543E0EB344198C42090A29E334198999979CDEB3441901804F6AA9E3341285C8FC2C5EB3441"
"W","3656.95931798685","0106000020BD0B0000010000000103000000010000001500000030DD2446F397334130B29D8F97E23441E8263108FA973341B8F3FDD49BE2344160BA490C0098334150E3A53B9CE23441886CE71B0B983341283108AC98E234411804564E13983341388941E095E23441385EBA092398334160BA498C82E2344198C4209026983341E8FBA99175E2344160BA49AC2498334170E7FB895AE23441280681152198334150B81E4550E23441182FDDA41298334130B29DAF43E234418095432BF0973341683BDF4F38E2344190C2F588D99733417814AE6746E23441A8C64B17DA973341683BDF4F50E23441B8490CE2F497334178E9267155E23441182FDD840398334160BA492C5FE23441408B6C070B983341000000806AE23441A8C64BF70B983341C8A145966DE2344178BE9F7A07983341986E126379E2344130DD24A6F9973341C0CAA1C58AE23441D0CCCC6CF19733412831088C91E2344130DD2446F397334130B29D8F97E23441"
"W","3654.50170599297","0106000020BD0B00000100000001030000000100000013000000A01A2FBD2BAB3341703D0A77394635412085EBD11FAB33417012830023463541F0A7C6EB1BAB334138DF4FCD1D463541C820B01202AB3341686666A619463541B047E11AFFAA3341D878E9A61846354158643B3FFAAA334148E17A7415463541A8C64B97F7AA3341E07A142E10463541480C028BF4AA334108819523F7453541182FDDC4F0AA3341205A64DBF3453541A0EFA7C6EAAA3341205A649BF345354178BE9FFADDAA33417814AE270646354190ED7C1FCFAA3341683BDF8F1846354108AC1C5ADCAA3341F0D24D222B463541088195E3E2AA3341D04D629036463541F8285C8FF8AA3341D8A3705D3F463541508D976E0FAB334110022B674146354180C0CA8125AB3341F853E345424635418095438B2BAB3341F0A7C68B3E463541A01A2FBD2BAB3341703D0A7739463541"
"W","3650.11033249251","0106000020BD0B00000100000001030000000100000015000000F87E6A9C01A633412085EB11154B35418095438B02A6334138B4C816164B3541C074937809A63341E8D0225B174B354168BC749309A633414060E550174B354190C2F5C81CA6334190976E12104B3541A8F1D2AD24A63341F8A9F172104B3541F0FDD43829A6334190C2F5A8044B354190ED7C9F2CA63341105839B4FA4A3541F0FDD4782DA63341000000C0E54A3541508D974E25A6334100D57869D24A3541608FC2B516A63341A0703DAAC84A354148B6F3BD13A633411083C0AAC74A3541D022DB9906A6334190976E12CB4A3541A0703DCAF6A53341480C026BDD4A3541683BDF2FF3A53341A0703DEAED4A354178E926B1F0A53341002B8756F94A354188EB51B8F0A53341B8F3FDB4F94A3541A89BC460F1A5334160BA494C024B3541388941E0FCA5334120DBF9BE104B3541986E12A3FEA53341F07C3FF5124B3541F87E6A9C01A633412085EB11154B3541"
"W","3645.44032502128","0106000020BD0B00000100000001030000000100000014000000703D0A5767093341D022DBD97C02354100D578496E093341C07493187D023541D022DB79740933412085EB5179023541608FC23582093341803F35DE6602354178BE9FFA8E09334108D7A35055023541C0F528FC9409334130B29D6F3E02354120B072289609334148B6F39D38023541205A64BB96093341C84B378929023541285C8F0295093341385EBA692602354120B072088F09334168BC743323023541D8A3703D85093341C07493B82002354178931804800933416010589923023541C09F1A8F71093341A8F1D20D2E023541508D970E63093341B8C8765E3B0235415839B4C85D09334138DF4F2D43023541408B6C475C0933411804562E4F02354130DD24C65A093341F8285C2F5B023541506210385A093341E851B83E67023541B8C8767E6409334148B6F39D7A023541703D0A5767093341D022DBD97C023541"
"W","3637.76514248922","0106000020BD0B0000010000000103000000010000000D000000D8CEF79366693341E02406C17FF5344158643B5F6169334130B29DAF8CF53441C820B07263693341D8CEF7D3A1F534417068912D6769334190C2F5E8A8F53441480C022B6D69334110583934ABF534416891ED9C84693341400AD72387F534416866660693693341D0F753A366F53441986E12039F6933417068910D4FF53441C09F1A8FA869334138B4C85641F53441105839D4CB69334120B072C81FF534412085EB31C0693341D8A3703D17F5344108560E0D726933414837894163F53441D8CEF79366693341E02406C17FF53441"
"W","3627.11065855529","0106000020BD0B00000100000001030000000100000018000000D8A3707D072E33412887167932F234412085EB51FE2D3341A8C64B3736F23441F8285C2FF72D334160BA49EC39F23441205A64DBE62D3341C8A1453641F234411083C08AD62D33412831088C47F2344128068135C92D3341F0FDD4F84FF2344190976EB2BB2D334140355E7A5DF2344168BC7413B02D3341886CE7FB69F23441C0F5289CA42D3341B072689178F23441E851B8FE9B2D33413033335387F2344110583954972D334148E17A3495F23441F8A9F1B2912D334150E3A5FBA3F2344190976E92932D334118AE4701A6F2344108D7A3D09E2D33418816D96EA1F23441A045B633A82D334108D7A3D097F23441D878E9C6B42D334160BA494C89F2344100D57869C02D3341C8A145D67BF23441205A64DBCE2D3341C84B376971F23441102DB21DDD2D3341B8490CE268F23441C876BE7FE92D3341A0EFA76660F2344180C0CA01F72D334138B4C8F654F23441B0726871FF2D334170E7FB494BF2344130333313082E3341285C8F8239F23441D8A3707D072E33412887167932F23441"
"W","3626.69363044575","0106000020BD0B0000010000000103000000010000000A000000E07A142EC9703341F853E3C5A0E73441182FDDA4CD70334108D7A3D07BE7344168BC7413D0703341B07268F171E73441180456AEC97033412085EB9162E73441D0F75383A7703341F0A7C60B52E73441986E12C39E703341F853E30564E7344130DD248690703341F853E34581E73441C0CAA1C5B1703341B07268D1A8E73441285C8FA2BC703341F0FDD438ACE73441E07A142EC9703341F853E3C5A0E73441"
"W","3610.39300600905","0106000020BD0B0000010000000103000000010000001500000058643BFF51F5324170E7FBA9461C354178BE9F7A51F5324170128300541C3541E0A59B0452F5324178E926F15C1C3541E8D0221B56F5324198438B2C721C354190ED7C9F59F53241C876BE5F801C354190C2F5A85BF5324140355E9A961C3541D0CCCC6C5EF5324108AC1C9A9D1C35418841606565F53241000000009E1C3541280681D57AF532414060E5D0921C354160E5D00282F532411804562E8D1C35411058393485F532415839B428871C354130DD24E686F53241901804367A1C3541F0D24D4285F53241400AD7236F1C354190976ED27CF5324108AC1CBA621C354120B072087AF53241B07268915B1C354138DF4F0D6BF53241480C02EB441C3541789318A45CF53241D0CCCC4C351C3541A89BC4C057F53241E07A142E351C35418095438B54F53241601058F9381C3541D0F7534352F5324118D9CED73F1C354158643BFF51F5324170E7FBA9461C3541"
"W","3604.02876143367","0106000020BD0B00000100000001030000000100000015000000F8A9F1522709334108AC1C7A2403354130B29D4F3A09334198438B6C25033541F07C3F5546093341884160E523033541F853E3654B093341F0D24D0221033541E851B8DE56093341A0703D8A160335411804566E5D0933415839B4C80B03354180C0CA615B09334188EB5198F4023541182FDDA45A09334138DF4F8DED023541C84B37E956093341E0240661E502354120DBF9BE46093341C820B092D3023541A01A2FDD4109334118AE4761D102354148E17AB43E093341F8285C4FD202354148E17A1435093341986E12E3E3023541580E2DD22F093341102DB2BDEA02354178E926B12E093341C820B0B2ED023541A89BC4002709334190C2F568FB023541B09DEF87210933417012834009033541D878E96620093341280681350C033541000000A01F093341B01C5A241E033541D878E96623093341D8CEF77323033541F8A9F1522709334108AC1C7A24033541"
"W","3596.52866355283","0106000020BD0B00000100000001030000000100000017000000806ABC14E32F33417012838030AF3441C820B092ED2F3341400AD70322AF3441803F355EF82F33418816D96E12AF3441F0A7C68BFE2F3341E0A59BA40BAF3441B047E1FA02303341E07A14AE02AF3441D8A370DD0C303341408B6C27EDAE344118D9CEF70D303341F07C3F15E9AE3441F07C3F350D30334160BA492CE6AE3441F0D24D4209303341B047E1FAE4AE3441182FDD24F92F3341E8263148E5AE3441F853E325F62F3341A8C64B37E6AE3441C8A145F6F22F334170128300EAAE344138894180EB2F3341986E12C3F6AE3441F0FDD438DB2F3341C0CAA125FCAE344130DD24E6CA2F33416010585905AF3441002B8776BD2F3341E07A14EE0DAF3441B8F3FD74BA2F334178E926D10FAF3441C876BEDFB42F3341989999991EAF344190C2F568B62F3341B047E19A27AF3441F07C3F75B82F33418816D9AE28AF3441806ABCF4C62F3341C09F1A4F32AF3441180456CED82F3341285C8F2235AF3441806ABC14E32F33417012838030AF3441"
"W","3593.77339149686","0106000020BD0B00000100000001030000000100000010000000D8CEF7935851334160E5D0625A11354110022BA760513341280681B557113541283108EC6851334108D7A3105111354130B29D4F6F5133417814AE474711354198C420506F51334190C2F5283111354100D578E966513341280681D521113541806ABC7458513341205A641B1611354108AC1C9A4A5133411058399411113541283108AC435133419899995910113541E8FBA9F138513341C09F1AEF22113541C074935835513341002B87B630113541E0A59BA430513341E8D0229B41113541D04D62F02B513341C876BE7F52113541686666C62B5133418816D98E5411354138B4C8B644513341C074939856113541D8CEF7935851334160E5D0625A113541"
"W","3593.20989097632","0106000020BD0B0000010000000103000000010000001700000060E5D08294FF33417814AE47DE173541F0D24D6293FF334160105839E1173541102DB21D97FF334128068175E917354158643BBFA4FF33414060E5F0F1173541E8D0225BB3FF334128068195F8173541B0726851BFFF3341D8F97E2AFC17354138894140D1FF3341283108CCFD173541F87E6A3CE3FF3341A8F1D2ADFD173541C09F1A8FF2FF334130333333F61735411083C0AA05003441105839F4EF173541D8F97EEA07003441986E1223EC1735412806811508003441F0D24D02E81735416866664608003441D8F97E0AE417354100D5786903003441E8FBA9D1E017354190ED7C7FF1FF334170E7FB29DC173541A8C64BD7E0FF3341F87E6A7CD6173541B81E85EBCDFF334148E17A94D517354158643BDFBDFF3341480C020BD5173541D022DBD9ACFF3341A0EFA746D4173541285C8FC29CFF334108AC1C9AD6173541000000C096FF334128871659D917354170E7FB8994FF334120DBF95EDC17354160E5D08294FF33417814AE47DE173541"
"W","3553.90039439872","0106000020BD0B0000010000000103000000010000000C000000105839948792334118AE470137DF3441B8F3FDF432923341A89BC4A061DF3441989999B919923341A8F1D2AD7EDF344108560E2D1692334178E926918DDF3441F87E6A7C1892334130DD24C69ADF3441E82631481E923341E0240601A2DF344110022B272392334190ED7C1FA3DF34419018049642923341C09F1A6F80DF344190C2F5484C923341809543CB71DF344168BC74336D923341886CE7FB5ADF3441B8490C8280923341706891CD50DF3441105839948792334118AE470137DF3441"
"W","3547.84750048071","0106000020BD0B000001000000010300000001000000190000003008ACFC1B87334148B6F3DD4DD43441789318E41187334140355E7A4ED43441683BDFCF03873341508D97CE52D43441E851B81E03873341285C8FE261D43441283108EC05873341280681F567D43441A0EFA7660E873341285C8F6272D4344188EB51381787334178BE9FDA78D43441C0CAA1051A87334150E3A5DB7CD43441A01A2FDD198733413008ACFC80D43441D878E986168733413008ACDC85D43441002B873615873341C0F528BC8DD43441B01C5A840E87334140355E9A9FD43441E826312814873341B07268D1A6D4344120DBF93E1B87334110583914A8D4344190C2F5482C8733412085EBB1A5D43441C0F5283C3687334198C42030A6D43441703D0A573A87334118D9CE57A5D43441608FC2753B873341B01C5A64A2D43441D0CCCC2C3C873341901804568FD43441D8A3707D3D873341002B877687D43441703D0AF73B873341E02406617CD43441C0CAA1E53587334118D9CEF766D4344188EB511833873341182FDDE460D434418816D98E28873341F07C3F5556D434413008ACFC1B87334148B6F3DD4DD43441"
"W","3528.16543644667","0106000020BD0B00000100000001030000000100000016000000F8285C8F29B83341102DB2DD5CB534411083C0AA27B83341901804B659B53441683BDFCF1FB83341C84B378958B5344180C0CA4111B83341C07493D862B53441C0CAA1C507B8334190976E926FB534418816D96EFBB7334120B072087AB5344160E5D002EEB733411058399484B53441580E2DB2DEB73341C07493F88BB53441508D974ED0B733417893184493B53441580E2DF2C7B7334138B4C8169CB5344188EB5198C7B73341D878E906A4B53441E04F8D77C9B73341A8C64B17A9B5344188EB5158CBB7334118AE4721ABB5344110022B67CDB7334188416045ABB534417068916DDBB73341283108CCAAB534411083C08AEBB7334198999999A7B53441F8285CAFFDB7334198C42050A2B53441803F35FE0FB83341986E12039AB53441A8C64B971DB8334158643B7F8BB5344160E5D0621FB83341B8F3FD947AB53441B01C5A442BB83341E8FBA9F164B53441F8285C8F29B83341102DB2DD5CB53441"
"W","3483.20178899862","0106000020BD0B00000100000001030000000100000013000000D0F7538321DF334100D57829378F3441400AD7E314DF334130DD24A6438F344138DF4F2D12DF334168666686578F3441F853E3E516DF3341388941C05D8F3441F87E6ABC1CDF3341F8A9F112608F3441A045B6932DDF334190976EB2628F3441886CE77B40DF3341F0D24D82648F34417893186453DF334190976E52668F3441F07C3F7563DF334178BE9FFA668F3441E07A14CE71DF3341686666865C8F3441A8C64B5774DF334198999999508F3441B8490C8274DF334118AE47A14C8F3441F0A7C6CB6FDF3341F8A9F172458F3441E82631E86ADF3341B0726831438F344180C0CA015BDF3341E04F8D97418F3441205A64FB49DF3341C820B0D2418F34412806815538DF3341A89BC4003B8F344130B29D8F26DF3341408B6C67368F3441D0F7538321DF334100D57829378F3441"
"W","3466.88917300315","0106000020BD0B0000010000000103000000010000001000000038B4C8B6CF133341A0703DAA0B7E344100D578C9E3133341D04D62900B7E344178BE9F1AF3133341E8FBA911037E3441B8C8767EFB133341B0726871FB7D3441B8C876DE061433418816D9CEF07D344138B4C89612143341E07A144EE07D3441506210F81414334190ED7C5FD77D3441E02406211214334178BE9F3AD37D3441002B87B601143341B8C8767EC67D344190ED7C7FF0133341806ABCD4C87D344130DD2446E213334168666646D07D3441F0FDD4B8D3133341E07A14AEDB7D3441E07A142ECB133341400AD763E87D344120DBF99EC8133341E0A59B44F97D3441D8A370DDCC13334198999979087E344138B4C8B6CF133341A0703DAA0B7E3441"
"W","3457.36704299971","0106000020BD0B00000100000001030000000100000016000000E8D022FBBFAE3341C820B0728FC03441B8F3FD54BDAE334118AE472196C03441283108ECB4AE334130DD24C6A2C0344188EB5198B1AE3341002B87B6A9C03441D022DBF9ACAE3341400AD7A3B9C03441E04F8DB7B3AE3341105839D4BFC03441480C02ABBAAE3341683BDF2FBFC03441A0703DAABDAE3341C0749358C0C0344150B81E25CAAE334178BE9FBAB5C0344198438BACD3AE3341806ABC34A8C03441A0703D2ADDAE3341B09DEF6799C03441385EBAE9E5AE3341C876BEDF8AC03441480C026BEFAE334108D7A3307DC03441F87E6AFCF7AE33411804568E70C03441205A649B02AF334160BA49EC5FC03441408B6C2702AF334120DBF9BE54C0344108819523FAAE3341E851B87E51C03441102DB2BDE8AE334150E3A5BB5CC03441D022DB59DAAE3341D0CCCC2C68C03441000000C0CFAE3341105839D474C03441986E1223C5AE3341D04D627082C03441E8D022FBBFAE3341C820B0728FC03441"
"W","3452.24464648683","0106000020BD0B0000010000000103000000010000001F000000703D0A177BF13241B09DEF07E7023541C07493187BF13241002B87F6E4023541102DB21D84F1324190ED7C3FCE023541703D0A5787F132411804566EC702354120B0728887F13241703D0A77C3023541C8A145B687F13241A045B673C0023541E82631C886F1324170128360BD023541C07493D885F13241B8C8765EBC023541989999D982F13241E851B83EBB023541F8A9F1D27CF13241C07493F8BC023541C0CAA10570F13241C820B072D002354110022BC76DF13241C84B3769D502354138B4C85668F132415839B448DF023541D0F753635DF1324160BA49CCF7023541701283A056F13241C074939808033541E07A14EE50F13241B07268511C033541A01A2F1D4BF132413008AC3C2F033541A0EFA70649F13241789318244703354118AE470149F13241385EBA294A033541986E12C349F132418816D92E4E033541508D97CE4BF13241E02406414F033541F07C3FD54EF13241C07493784E0335418816D92E59F13241701283E04403354160BA494C5AF1324158643BDF42033541D8A3701D67F132414060E5702E03354170E7FB896CF13241C0CAA1852503354188EB515873F132416891EDDC1103354150E3A5BB76F132413008ACFC08033541986E12C379F13241F853E305F0023541E82631C879F1324170128300ED023541703D0A177BF13241B09DEF07E7023541"
"W","3444.77424200485","0106000020BD0B00000100000001030000000100000010000000B8F3FD940A253341986E12836BD43441B8F3FDB408253341F0A7C66B67D4344188416045FC243341B8C876BE5AD43441C09F1AEFEE243341986E12434CD4344198C42070E02433417814AE8741D43441285C8F22CD243341683BDFCF48D43441B09DEF87C124334150B81E6557D43441508D97CEC0243341E024066168D434417068910DC7243341608FC2B577D43441400AD783DE2433418816D9AE85D43441F853E365E6243341F8A9F1F286D4344150B81EA5F124334150E3A57B83D4344168666606012533412831082C7BD43441285C8F620A2533413889418072D43441B8490C820B253341D022DB796DD43441B8F3FD940A253341986E12836BD43441"
"W","3434.8981474489","0106000020BD0B0000010000000103000000010000000D00000090C2F5086E993341B8C8765E84DF344178E9265175993341809543ABBFDF3441A0703D0A8099334190180416DCDF3441D878E92687993341580E2D72DBDF3441D0CCCC8C8C993341C820B092D2DF344188EB51588F993341483789A1BCDF3441C09F1AEF8F993341F0A7C6EBB6DF3441D04D623091993341088195C3AADF3441E0A59B848E993341C8A145968ADF3441F0A7C60B80993341400AD7E363DF3441483789616599334140355EBA46DF3441608FC21567993341D878E9C64BDF344190C2F5086E993341B8C8765E84DF3441"
"W","3424.70974350395","0106000020BD0B0000010000000103000000010000002000000090180476EC8A32417814AE2732A83441C820B072EF8A3241C0CAA12532A83441E82631A8F88A32414060E5902CA8344150B81E45048B3241A0703D0A1EA83441B81E858B058B32410881950319A834415839B4280B8B324110022B4708A83441B09DEFC70C8B324188416045FCA73441182FDD440B8B3241E04F8D57F7A73441C0CAA1E50A8B324180C0CA21F6A73441D0CCCC2C068B324138B4C8F6F0A73441303333D3F78A3241A0703D4AE1A73441F8285CEFF58A3241D8A3703DE0A7344160BA49ECF58A3241E8FBA931E1A7344160105899F58A3241E0A59B44E6A73441E07A144EF18A3241385EBA29EEA7344178BE9F1AEB8A3241D8CEF7D3F1A73441180456AEE28A3241385EBA89FCA73441B07268D1D68A3241E8263108FAA7344158643BFFD68A324108D7A310F6A73441701283E0D58A3241C8A145F6F6A73441F0D24D82CC8A3241C84B37690BA8344108AC1CFACB8A3241C820B0920CA834417068912DBD8A324108560E0D23A83441F8A9F1F2C08A32412831082C28A8344148E17AB4C58A324178BE9F7A2AA8344158643BDFCB8A324108560EAD29A83441C09F1A0FD28A3241C0CAA1E524A83441E0240601E08A32416010589925A83441789318E4E78A3241D8F97ECA26A83441506210D8EB8A3241986E12032AA8344158643BBFED8A324108560E2D2CA8344190180476EC8A32417814AE2732A83441"
"W","3421.10603095329","0106000020BD0B0000010000000103000000010000001000000090ED7C9F38E43241483789015AAF3441182FDDA44DE43241886CE7DB5AAF3441F87E6ABC5BE43241D04D627055AF344198C4203060E43241C820B0924DAF3441E826318860E43241F853E38544AF3441102DB21D5DE432417012836035AF3441C0CAA16552E43241D04D62F02DAF3441303333B33DE43241D0F7530328AF3441706891CD35E43241205A64BB27AF344120B0724813E4324100D5784934AF3441F0D24D4212E43241C07493584AAF3441806ABCD415E43241508D976E57AF344108560E8D1DE43241C876BEBF5DAF344160BA496C26E43241803F353E5EAF3441508D978E30E43241F0A7C6AB5AAF344190ED7C9F38E43241483789015AAF3441"
"W","3407.09004402487","0106000020BD0B0000010000000103000000010000001600000090ED7C9F81AF3341E8FBA971DAD63441E826310884AF334120B07288D1D634412085EBB185AF3341A0703D8ABED63441608FC25587AF3341A0EFA786AFD63441102DB21D84AF3341E07A146E9ED63441A8C64BB777AF3341601058D990D6344100D5780973AF33415839B4A886D6344158643B5F76AF3341C07493B87FD63441385EBA696AAF33414060E5507DD63441608FC27563AF3341986E12E37BD63441C074939861AF3341182FDDE478D63441C0CAA1E562AF334108AC1CFA71D6344150E3A55B56AF33415839B46880D63441B8F3FD9456AF3341D8F97E6A92D63441102DB2FD5CAF3341B07268D1A1D63441285C8F425FAF3341989999D9B2D63441F8285C6F60AF3341102DB2FDC6D6344118D9CEF75BAF3341B8F3FDD4D1D63441D022DBF95EAF334100D57809D2D6344140355E9A6DAF334198438BACDAD63441102DB27D6FAF3341B8490CC2DBD6344190ED7C9F81AF3341E8FBA971DAD63441"
"W","3384.75853198185","0106000020BD0B00000100000001030000000100000011000000B8C876BEBC16334108560E6D4FC93441601058F9AF163341D878E9E649C9344168BC74F3A016334120DBF93E4BC9344180C0CAE19B163341C820B0F24AC93441D0CCCCCC8A1633418816D94E50C93441303333537D163341E851B8BE58C93441F07C3FD575163341A8C64B7766C93441105839147616334138DF4F8D76C9344140355EBA8116334140355E1A81C93441D8F97EAA9116334138DF4FAD82C93441886CE7DBA0163341E8FBA9517EC93441A01A2F1DAF163341B8490CE276C934418816D94EBE163341A0EFA78672C93441D0CCCCCCC5163341E07A14CE64C93441E8FBA991C2163341A045B6B354C93441E07A14AEC016334178E9269151C93441B8C876BEBC16334108560E6D4FC93441"
"W","3378.59510155208","0106000020BD0B0000010000000103000000010000000E0000002085EB312A833341E04F8D1762E73441C0CAA1C546833341F0D24D82B4E7344198C420105883334190976E52DCE7344160E5D0A25B833341A0703D8AE7E7344110022BE76683334100D57809F8E73441686666C66B833341A0EFA726F9E73441A89BC40071833341B047E15AF5E73441F8285C8F71833341D8CEF773E9E73441986E122368833341901804D6C1E73441E02406815C833341C0CAA165A1E73441E0A59B4456833341806ABCF48FE73441B09DEF0748833341686666667CE73441105839344883334160E5D06279E734412085EB312A833341E04F8D1762E73441"
"W","3065.20130007993","0106000020BD0B0000010000000103000000010000000E000000F853E3C5539E334110022B075ADA34417068910D349E33417814AE275EDA344150B81E05209E3341C0F5285C5FDA344168BC7493239E334198438B6C6ADA3441806ABC344A9E3341D878E92671DA3441D8CEF733679E334118AE474173DA3441683BDF2F859E3341A01A2F7D70DA3441180456AEAC9E3341580E2D3267DA3441F0FDD4F8B69E334150E3A59B5FDA3441F0D24D62B09E33413889414056DA34413008AC5C8A9E3341508D97AE57DA344140355E5A649E334120B0722858DA3441102DB23D5D9E3341F0A7C6CB58DA3441F853E3C5539E334110022B075ADA3441"
"W","3369.20545093389","0106000020BD0B00000100000001030000000100000017000000E851B81E3E943241701283007BB83441A8C64B5737943241D022DBB975B8344130DD246623943241B8C876DE74B83441E0A59B0414943241803F353E7BB83441C84B37C9FE933241D8A3705D80B83441D04D62D0F7933241D8CEF71382B83441D022DBB9E3933241D8CEF75382B8344160E5D0C2CC933241C0CAA14582B83441B8F3FD94C693324118D9CE1786B8344180C0CA41C2933241303333D38DB8344118D9CE37C9933241A045B63391B8344148E17AD4C9933241D878E94697B83441002B8796C7933241B8F3FD349DB83441A01A2F9DC69332414060E5109FB8344140355E7ACC9332418816D96EA1B83441205A645BE493324148E17A54A2B83441F853E365F393324150E3A5FBA1B83441180456AE04943241806ABCB49BB8344110022BE716943241E07A146E96B834414060E5502F943241F8A9F1728EB83441989999993A943241B8F3FDF485B834417814AEC73D943241408B6C0781B83441E851B81E3E943241701283007BB83441"
"W","3362.37786296383","0106000020BD0B00000100000001030000000100000012000000986E12231DC23341F0FDD438C2B83441C876BE5F1CC2334150E3A53BBDB8344198C4207018C23341D0CCCC0CBBB83441E04F8D7706C2334100D57849BAB83441F0FDD478F7C13341C0749398BCB83441E0A59B44E6C13341E0A59BE4C2B83441385EBAE9D7C1334160E5D062C9B834413008AC7CC7C1334100D578C9D5B8344148B6F3FDBAC1334108560E4DE2B83441D022DB99BBC1334160105859E9B83441285C8F62CDC1334190C2F508EFB8344160105879DDC13341683BDFAFEBB83441205A64BBEDC1334150B81E65E7B83441000000C0FEC13341C0CAA105E6B8344190ED7CFF17C2334138DF4F0DDEB8344190C2F5281BC2334130333333DCB8344140355EBA1DC2334100000040CDB83441986E12231DC23341F0FDD438C2B83441"
"W","3335.42402697355","0106000020BD0B0000010000000103000000010000001900000008560E2DE96A334108560E0D40FA3441288716B9E06A334188EB51B84CFA344108560E2DD76A3341A01A2F5D58FA3441A8F1D26DC76A3341F853E3C56AFA3441C0F5287CC06A33413008AC7C6AFA3441A8F1D2ADBD6A3341C876BE5F65FA3441E851B87EC96A3341706891CD50FA34417068918DC86A3341088195A336FA3441E07A140EC16A3341901804562BFA344178BE9FFABE6A334108AC1C3A2EFA344108560EADC06A334150B81E4533FA344148B6F39DB86A334108560E0D37FA3441D0CCCCACB46A3341F8285CCF1DFA34418816D92E986A3341D0F753A33FFA3441886CE77B8A6A3341D04D621051FA344198C42030836A3341A8F1D2CD56FA3441C0749338826A3341789318C459FA344198C420F07D6A334118AE47A15DFA3441E8FBA9B1816A3341E07A14CE62FA344150E3A5DB996A33413008ACBC5FFA3441B8C876BEA46A334198438B4C63FA3441508D972EB36A3341B8F3FDF470FA3441385EBA49C96A334180C0CAC16DFA3441205A64FBD96A334140355E7A5DFA344108560E2DE96A334108560E0D40FA3441"
"W","3319.42499148846","0106000020BD0B000001000000010300000001000000130000006010583923BD3341B09DEF875F323541D8CEF7F326BD3341E07A14AE6532354108560E8D35BD3341B8F3FD546E32354108560E2D43BD334178E926F179323541C09F1AAF4FBD3341F87E6A5C84323541B047E17A61BD3341400AD72388323541703D0A9771BD3341803F35DE863235417012838081BD3341683BDF8F8932354130B29D6F82BD3341B8F3FD948A323541701283007BBD334160E5D0427B323541901804B679BD334118D9CE176B3235415839B4E879BD33413889412067323541E8FBA99182BD33413008AC7C57323541686666A67EBD3341F87E6A3C53323541806ABCD46CBD334178BE9F7A5232354198C420905CBD3341D0CCCCEC5632354120DBF95E4DBD3341F0A7C62B5A3235416010587934BD3341803F353E593235416010583923BD3341B09DEF875F323541"
"W","3318.04900746234","0106000020BD0B0000010000000103000000010000000F0000007068918D6CD1334190ED7CDFF2B13441480C022B73D1334160BA494CFBB13441A8F1D24D82D13341C0CAA1E5F7B13441A8C64B3792D13341E8263188F8B13441F8285C8FA3D1334188416025F1B1344100000020ACD1334190976E92E3B134413008ACBCADD133411804568ED4B13441B81E856BA8D13341F0D24D42C4B13441C0F528DC95D1334188416085BAB1344110022BE791D13341B8C8763EBAB13441E0A59B647DD1334118AE4781C6B13441580E2D3275D13341205A643BCAB13441D0F753A369D13341901804B6D8B13441D878E9E666D1334118AE47A1EBB134417068918D6CD1334190ED7CDFF2B13441"
"W","3315.9638899969","0106000020BD0B00000100000001030000000100000010000000A01A2FBDE5F3324108D7A3106BB4344118AE4741F2F3324108AC1C7A60B43441B0726891FFF3324190976E125AB43441102DB27D10F43241706891CD58B4344158643BDF15F4324110022BE752B43441C0CAA1A515F43241806ABCF43FB43441480C020B12F4324140355EBA35B4344198438B6C02F4324140355EFA2AB4344138B4C876EFF33241F0FDD4382AB434417814AE27DFF33241580E2D9231B4344138B4C8B6D3F33241280681153FB43441D878E906CDF33241C09F1AEF4EB4344120DBF99ECDF3324148B6F3FD58B43441B01C5AE4D9F332417814AE8767B43441408B6CC7E1F33241A8C64BD76AB43441A01A2FBDE5F3324108D7A3106BB43441"
"W","3292.43735247478","0106000020BD0B00000100000001030000000100000019000000C84B37C935093341385EBAE9D6243541480C026B3609334168666686DD2435418095430B3609334148B6F39DE5243541701283A0320933414060E570EF243541C8A145B6300933416891ED7C04253541B047E17A30093341F87E6A5C0A253541D0CCCC6C34093341F0A7C68B0B253541C0F5285C42093341E851B83E0B25354138B4C89647093341803F355E08253541182FDDE44F093341F0A7C6ABFE243541E8D0229B57093341901804F6F0243541989999B95C093341703D0A37EB243541580E2D726409334198C42070DB2435413008AC9C65093341F8A9F192D6243541D8A3703D62093341806ABC54C92435412085EB715F093341F87E6A3CC424354178E926B15B093341F0FDD4F8BD243541182FDDE45509334108D7A3D0B9243541B09DEFE74F093341508D978EB724354120DBF9FE3809334128068195B5243541480C020B35093341E04F8D77B6243541A0EFA7E633093341F8285C4FB824354108AC1C5A32093341F07C3F55C7243541E8D022FB34093341F87E6A7CCE243541C84B37C935093341385EBAE9D6243541"
"W","3282.94459647639","0106000020BD0B00000100000001030000000100000012000000D022DBB9AA85334138DF4F0D50BC3441E0A59BA4C3853341B81E850B51BC344118AE4781C4853341601058F93ABC344148E17A34C5853341E07A140E2CBC344150E3A59BC48533413008ACFC21BC3441A8C64BB7C2853341002B87D61EBC3441E07A144EB38533410881952310BC3441508D976EAB853341706891CD0BBC3441C820B092A3853341F07C3F9508BC3441A0EFA7A68D853341F0A7C6AB06BC3441C09F1A4F8D853341288716B90FBC3441A0EFA7C68F853341288716D91EBC3441986E124392853341E851B8FE29BC34410881958392853341F0A7C60B3BBC34412887161993853341C876BEFF43BC3441A01A2FFD94853341C0CAA12547BC344190ED7CBFA1853341002B87B64DBC3441D022DBB9AA85334138DF4F0D50BC3441"
"W","3266.44735899521","0106000020BD0B00000100000001030000000100000010000000B8490C62037A3341E851B89E9BAC3441F0D24D62F4793341803F35FE9DAC344108AC1C3AE5793341E8D0225BA0AC3441D04D6210D6793341803F35BEA5AC3441A8C64BD7D3793341C876BE9FA8AC3441703D0A37D2793341F0FDD498B8AC344130B29DEFE27933415839B468BFAC3441F853E3A5F0793341D878E906C6AC3441C0749338FD79334130B29D6FCFAC34411083C02A0D7A334150621038D2AC3441989999791C7A334108AC1CBACBAC344148B6F3FD257A3341B047E11ABCAC3441480C02AB267A33412085EB11ACAC3441D0CCCCCC247A334128068115A9AC344108AC1C5A157A3341105839549FAC3441B8490C62037A3341E851B89E9BAC3441"
"W","3264.8539749328","0106000020BD0B00000100000001030000000100000012000000A8C64BD75E25334148E17A3441B43441B09DEF4756253341B01C5A044FB43441D022DB1959253341B8C8761E54B4344120B072A866253341989999B95CB43441C0749398762533414837896160B4344160E5D04282253341989999D965B4344110022B279325334180C0CAA16BB43441D8A370FDA4253341B8F3FD546DB43441C0CAA145B525334198C420F067B4344158643B9FBB25334168BC743360B43441703D0AF7BB2533416866662657B43441F0D24D22B9253341A89BC40053B43441B047E17AAA2533413889416049B43441E8FBA9D198253341088195A341B43441102DB2FD89253341803F351E40B43441886CE7FB772533416891ED5C3FB43441C8A145F668253341388941A03EB43441A8C64BD75E25334148E17A3441B43441"
"W","3261.04464299208","0106000020BD0B0000010000000103000000010000001500000060105819DFC73341182FDD6423A8344108D7A3B0CFC7334120DBF9BE15A8344188416025C8C73341F8A9F15208A83441A045B6D3C8C7334110022B67F9A73441803F357EC9C73341D8A3705DE9A73441E8FBA911C0C73341D878E9E6D9A73441B8490C42B4C7334190976E72D8A7344108D7A310AFC733414060E550DAA73441D8A3709DA4C73341C09F1ACFE6A73441D8CEF793A4C73341D8A370FDE6A73441706891CDA0C73341D04D62D0F9A73441A045B613A1C7334158643BDF0AA8344178931844A1C73341102DB29D0BA834414060E570A5C73341A8F1D20D1CA8344138DF4FCDACC733417068914D29A83441703D0A57BAC7334148E17AF433A83441608FC255C0C73341E826314836A83441884160A5C0C73341D0F753232FA83441483789E1C8C73341C8A1459627A8344178931804D8C7334138DF4F2D24A8344160105819DFC73341182FDD6423A83441"
"W","3259.94616045954","0106000020BD0B000001000000010300000001000000220000005839B4E8892C3341D0CCCC8C64E33441A8F1D28D922C3341385EBAE96BE3344110583914942C33417814AE0776E3344100D578A99A2C3341002B87567FE3344150B81E459D2C334190976E7272E3344120DBF9FE9A2C334120B0724861E33441E04F8D578F2C33416891EDBC59E33441E8263188802C334148B6F31D53E33441806ABCB4712C3341182FDD844FE33441388941C0672C3341105839144FE3344110583954672C3341388941604EE33441102DB2DD652C334178E926F14BE3344138894180592C3341D8F97E8A55E33441A0EFA7265F2C33411083C08A5EE334415839B4286E2C3341A045B67376E334417814AE67772C3341E04F8DF785E33441385EBAC97D2C3341580E2D3294E33441205A643B832C3341205A647BA3E33441E02406618A2C3341C0F528BCB5E33441A8C64B97992C3341A8F1D26DC9E33441B81E85CBA22C3341789318E4C4E33441B01C5A64A52C3341285C8FE2B6E3344118D9CE37A22C3341686666E6BCE3344178931804992C3341B8C8765EBFE3344180C0CA41922C3341E0A59B24BBE33441F853E365902C334128871619B6E33441F8285C2F902C3341A01A2FFDA2E33441F0A7C6AB912C3341C0F528FC96E3344178E926F1922C334108D7A3F079E334412085EB318F2C3341A045B6D373E3344178E92671852C3341C0CAA1656CE33441B047E1BA832C334158643B3F66E33441F87E6ADC872C3341D8F97E8A65E334415839B4E8892C3341D0CCCC8C64E33441"
"W","3259.12763693184","0106000020BD0B00000100000001030000000100000010000000D0CCCCCC806A334130B29D0F42F63441D0F753635A6A334188EB517849F6344190976E92396A334118AE47215EF63441C84B3729346A3341400AD70367F6344190ED7C9F356A33416866660677F63441182FDD843A6A33418095434B78F63441803F353E506A3341683BDF0F67F63441D04D6290576A3341385EBA695FF63441180456CE656A3341088195E357F63441508D970E7D6A3341A8C64BF753F63441E82631C89E6A3341088195435AF6344190C2F508C56A3341E02406E16AF63441803F35FECB6A3341608FC2356AF63441002B8776D06A3341E024066162F63441F87E6AFCD16A3341A0EFA76652F63441D0CCCCCC806A334130B29D0F42F63441"
"W","3253.26918851939","0106000020BD0B0000010000000103000000010000001D00000008D7A37076A9324178931864DE8D344168BC74737CA932415839B4A8DF8D3441C0CAA18587A93241A8F1D20DDD8D3441E82631A88EA9324110022B67DA8D3441B01C5AC495A93241E04F8D97D78D3441901804F69BA93241683BDFEFD38D344120DBF91EA2A93241A045B613D18D3441886CE77BABA9324158643B7FC88D3441480C02ABB1A93241806ABCB4C08D344148378901B5A93241608FC2D5BA8D3441B8F3FD54B2A93241580E2DB2B38D3441A01A2F9DADA93241D04D6290AD8D344110022BA7A6A9324158643B3FAC8D344180C0CAA1A0A932418816D9EEAB8D3441B047E1BA9BA93241601058B9AA8D3441F8285CAF96A93241E851B89EAA8D34415839B48886A93241A0703DEAAD8D3441B8490C8280A9324190ED7C9FB08D3441B81E852B7AA93241F0D24D62B58D3441703D0AF76AA93241000000C0BB8D3441686666E665A93241E07A148EBD8D3441F0D24DE25FA93241C09F1A4FBF8D3441102DB27D5AA93241B01C5A24C78D34411058393459A93241F8A9F112CE8D3441701283E058A9324108AC1C1AD48D344130DD24C660A932412085EB71D98D344180C0CA8168A93241901804B6DC8D344110022B8771A93241285C8F22DE8D344108D7A37076A9324178931864DE8D3441"
"W","3248.72426045453","0106000020BD0B00000100000001030000000100000012000000901804767D883241400AD74312F03441480C022B6F88324168BC74B318F03441701283E06388324108560E2D1EF03441C820B0925C883241285C8F0224F0344160BA496C61883241088195232AF034412831082C75883241182FDD0431F03441205A64BB85883241285C8FC23AF03441C0749358A2883241288716F940F0344120B07268A7883241D8A3701D40F03441B8C8767EAC883241480C026B3FF0344190976E72B0883241E02406813EF0344178BE9FFABA883241400AD70335F03441E851B85EBE8832417068910D2AF03441288716D9B688324168BC74B31EF03441A045B633AB883241B8F3FD3415F03441986E12A39A88324120B072880DF03441703D0A778788324190ED7CBF0FF03441901804767D883241400AD74312F03441"
"W","3247.19291199092","0106000020BD0B00000100000001030000000100000017000000E0A59BA4AA0B3341C84B3769A2F13441D0CCCC2CA80B3341B8C8763E98F13441B8F3FD34A50B3341B8F3FD3495F134416891ED5C990B3341C07493B893F13441E07A146E980B3341E0A59BA490F13441986E12E39D0B3341B8C876DE84F13441B8C8765E9C0B334180C0CAC17AF13441C820B0529A0B33418816D9AE79F1344108AC1C3A8F0B334160BA492C7DF1344188EB5178880B3341608FC2F578F13441686666A6850B3341B07268D174F13441F8A9F1D2790B3341F8285C4F70F13441A8F1D2CD700B3341F853E3E570F13441A8F1D26D670B334148E17A9479F13441A01A2FDD600B3341A0703D4A85F13441803F355E5F0B3341B81E854B91F13441508D97EE620B3341E8D0227B9CF1344120B072C86A0B3341C8A145B6A1F13441D8CEF7737C0B3341F07C3F95A9F1344108AC1C1A8E0B3341D022DB39AFF13441803F351E970B3341806ABCB4B0F13441D878E926A30B3341D022DB39AEF13441E0A59BA4AA0B3341C84B3769A2F13441"
"W","3234.66772849672","0106000020BD0B0000010000000103000000010000001600000078BE9F5A42B4334178931824282135416891ED5C45B43341F0FDD4582821354108560E6D50B43341E8FBA9B1232135411083C08A54B43341D022DBF923213541508D978E57B433416891ED1C222135416891ED9C59B43341580E2D121F21354148B6F3DD58B43341408B6C271C213541C820B0724DB43341182FDD840D213541D04D62F043B4334148378921002135418095438B3BB43341C876BEBFF0203541A01A2F1D30B43341A89BC440E62035412831082C1EB43341182FDD84E1203541388941000FB4334118AE4701E7203541683BDF8FFDB3334188416045F12035418816D96EFCB3334118D9CE37F42035417814AEA7FEB33341F87E6A5C062135417068918D02B43341F8A9F1720A213541D8F97E6A13B43341C820B0320D213541B8490C8226B43341901804F60B2135417012832035B43341A0EFA7A613213541A89BC4A03BB43341F07C3FD52021354178BE9F5A42B433417893182428213541"
"W","3230.47015991315","0106000020BD0B0000010000000103000000010000001B0000003008ACDC71C633413889412031B3344148B6F39D61C633412806817534B33441408B6C075FC63341C876BE3F43B33441283108CC5FC633418816D94E4AB334419018047662C63341A8F1D26D4FB3344198C420706BC63341706891CD51B33441D0F753636CC63341B8C876DE51B33441C876BE7F70C63341F07C3F1550B3344138B4C89677C63341686666464CB3344120B072687DC633412085EB9152B3344118AE470181C633413008ACBC5BB33441B81E85AB80C63341A0703DCA64B3344118AE472175C6334148B6F35D71B3344118AE47816DC63341C84B370982B33441809543AB69C6334198438BEC93B3344160E5D0826CC633418841602597B3344138DF4F8D71C633419018045697B33441508D97CE7EC6334108D7A3D08FB3344108560E4D8BC633410000006085B3344148E17AF491C6334198438B8C76B33441408B6C8794C63341182FDDA466B33441986E124397C63341000000C056B33441303333D399C63341D0CCCCCC47B33441C074931898C63341E02406A141B33441F07C3F9584C63341B01C5AC435B3344100D578C972C63341B09DEF0731B334413008ACDC71C633413889412031B33441"
"W","3222.92647397332","0106000020BD0B00000100000001030000000100000010000000989999D94825334160105899D4EA3441B09DEFE753253341809543EBD1EA344190C2F54860253341E07A146EC9EA344160BA498C65253341E02406A1C1EA344170E7FB0964253341F8285C8FB6EA3441288716795D25334108560E4DACEA344120DBF91E53253341480C02CB9EEA3441480C02AB4D253341002B877690EA344138DF4F6D4B253341182FDD647DEA344108AC1CDA35253341385EBA898BEA344108AC1CFA2D253341E8D0223BA0EA3441F87E6A7C2C253341C0F5283CACEA3441580E2DD22A25334170128340BBEA3441102DB27D2C253341D0F75343C4EA344168BC74F33A25334110022BE7D0EA3441989999D94825334160105899D4EA3441"
"W","3219.64878140856","0106000020BD0B0000010000000103000000010000001500000088416085CCD0334160E5D0C2F9013541C876BE3FBFD0334198C420500002354108AC1CFAC2D03341F0A7C66B07023541E8D0227BCDD03341F87E6AFC1202354170E7FB49DED03341C876BE9F3102354108D7A310E5D03341C876BE1F4E023541280681F5E0D03341B8C876FE66023541683BDFAFD8D03341C0CAA1A5880235412831080CDCD03341180456CE98023541B8C876DEDED03341A0703DEA9A023541385EBA09E2D03341B0726811990235416891ED7CE7D03341601058598D023541205A64FBF1D0334118AE47C17F02354148E17A74F6D03341E02406E175023541002B8716F6D0334160E5D0E26602354128068195F7D03341A0EFA7C640023541B07268D1F0D03341F8285C6F3D023541288716F9F1D03341285C8F823602354150E3A59BE5D03341601058F9110235417068912DDDD03341408B6C870302354188416085CCD0334160E5D0C2F9013541"
"W","3213.28018393973","0106000020BD0B00000100000001030000000100000016000000B8490C0264C3334108AC1C1AA6BD34414060E5906AC33341B81E854BB3BD344148B6F3DD72C3334138DF4FADC2BD3441C0CAA16580C3334168BC7453CDBD34415839B48892C33341A045B613CBBD3441B8C876BE94C33341703D0A17C7BD3441E826314895C333415839B428B8BD3441809543EB8DC33341F0A7C6CBA9BD3441F0D24D6289C33341A0703D8A9DBD34413008AC5C88C33341D0CCCC6C85BD3441088195A386C333413033335381BD3441088195C381C3334158643B1F7EBD3441088195A375C33341A8C64BB77EBD344148E17A1464C33341C820B0F28CBD3441683BDF0F53C333412085EB518EBD3441806ABCF44BC33341D0F7530391BD344120B072C848C33341E8FBA9D193BD3441180456AE47C33341B8490CE297BD3441B072687148C3334158643BDF9CBD3441B07268514DC3334130333313A0BD3441D8CEF7535EC3334178BE9FBAA1BD3441B8490C0264C3334108AC1C1AA6BD3441"
"W","3204.50570804626","0106000020BD0B0000010000000103000000010000001E000000480C02EB5F9F3341701283201F47354100000080699F334190976E1210473541480C02EB6F9F3341C876BE3F0447354190976E12749F334130B29D6FFF46354178E926317B9F3341706891CDFE4635418095432B819F33417012830000473541E04F8DB78A9F334190976E7208473541B01C5AA48E9F334158643B9F0A47354118AE47C1959F3341C876BEDF08473541B01C5AE4999F3341400AD70305473541D0CCCC6C9B9F334188416005F9463541F0D24D829A9F334198438B0CF7463541D878E9A6989F3341E8FBA9F1F246354130B29DCF939F3341283108CCEE463541B07268F18B9F334168666666EB46354188EB51F8769F334148378981E9463541A0EFA726719F334178E92651E846354190976ED25D9F334198C42090F046354120DBF9BE5B9F334170128360F146354100000080569F334100D57829F546354190ED7CBF459F3341D04D6290084735412831086C3F9F334180C0CAE10B473541285C8F62329F334118D9CEB712473541E0240601329F3341F8285CCF1A473541F0A7C6EB329F3341E82631C81C473541C84B3769459F3341E8D0229B2A47354138B4C896589F334138B4C87623473541789318C45B9F3341C0F5289C21473541686666A65D9F334178E926B122473541480C02EB5F9F3341701283201F473541"
"W","3185.43363352962","0106000020BD0B00000100000001030000000100000017000000C0F5283C8679334160BA490C53BA344108D7A330847933417814AE0754BA344188EB51B87979334108D7A39060BA3441601058596879334198438BEC66BA34417893186464793341480C02AB66BA3441088195834C793341288716B94DBA3441701283C03F793341F0FDD41845BA3441C8A145B63A7933410000000047BA3441F853E36530793341D022DB7951BA3441C8A145B62F793341F0D24D8261BA3441285C8F423A79334130B29D0F6CBA3441000000804679334140355EDA72BA3441F0FDD4D849793341608FC2B574BA344100D578A95879334148E17A5479BA344108AC1C7A67793341F8A9F1F27DBA344178BE9F3A8079334198C420F081BA3441182FDD848D79334150B81E857ABA344108AC1CFA91793341C0F528BC71BA3441D8F97EAA8F7933417068918D60BA3441C0F5281C8B79334178BE9F3A56BA3441205A643B8979334190976E3254BA3441F8285C2F87793341C0F5281C53BA3441C0F5283C8679334160BA490C53BA3441"
"W","3170.66734600067","0106000020BD0B00000100000001030000000100000013000000F8A9F1D2D095334198438BACB2E2344100000040CF95334158643B1FB5E2344110583994B995334148E17A34DAE234418816D9AEAC953341B07268D1F2E2344190976E52AF953341105839F4FAE23441C07493F8B495334188EB513801E33441285C8FC2B4953341D8F97E2A09E33441E04F8D77B3953341E02406210FE3344160105839BA95334130DD246613E33441B8F3FDB4C1953341E02406C108E3344100000040D3953341B09DEF47E2E2344160105839DC953341180456AECAE2344168BC7493DF95334178BE9FDAC4E23441D022DBF9E4953341C84B37E9B9E2344100D57889F0953341D04D625094E2344188416025F695334198C4209085E2344130B29D4FFC95334188EB51B880E2344148B6F33D00963341B07268F168E23441F8A9F1D2D095334198438BACB2E23441"
"W","3167.60568501893","0106000020BD0B0000010000000103000000010000000C00000010022B87DDB73341683BDFEF49F53441385EBA69D6B73341B8490CA24CF53441182FDDA4BEB73341C820B0B25FF53441F853E345BBB733411083C08A68F53441D0CCCCECBAB73341B07268916EF53441B81E85ABBEB73341A8C64BB774F53441205A647BC7B73341E0A59B2479F53441608FC235D7B73341B81E85CB7FF53441A0EFA7C6F7B73341205A641B8BF53441508D97CE08B83341180456CE59F5344178931804F1B7334138B4C8B653F5344110022B87DDB73341683BDFEF49F53441"
"W","3158.24534550495","0106000020BD0B00000100000001030000000100000013000000A0EFA7A671F03341C8A145563E0E354178BE9F3A7DF03341701283C0320E3541F07C3F557FF03341E04F8DF72D0E3541D04D62B07FF0334120DBF9DE250E35412831084C74F03341F853E365160E3541E8D022FB6CF03341400AD703080E35412085EB3167F033412085EBD1020E354178BE9F1A63F03341C09F1AAF020E35411083C0EA53F0334110022B070A0E35417814AE2750F03341102DB2DD1C0E3541986E12A34EF03341F07C3F951F0E3541B8F3FDB44BF0334168BC74D3240E3541285C8FC247F03341B09DEFA7250E354190976E7243F03341A8C64B772D0E3541B8490CC244F033417814AE873C0E354178BE9FFA49F0334198C420D0500E3541D0F753C352F03341886CE71B550E3541B047E11A65F03341E02406E14C0E3541A0EFA7A671F03341C8A145563E0E3541"
"W","3135.30531750072","0106000020BD0B00000100000001030000000100000025000000B07268516714334110022B67AE043541408B6C476B14334160E5D0A2AE043541506210F87E143341A01A2F5DB504354138DF4F6D93143341B047E13AC104354180C0CA619A14334150621098C20435411083C08A9D143341D8F97EAAC104354190180496A0143341803F35DEBD043541D022DB39A0143341D878E9C6AD043541D8CEF7F39414334150B81E459F043541105839D4931433415839B428A0043541B07268F19114334118D9CE179F04354118AE470182143341E0A59B849D043541F0FDD4387B143341506210789C043541E04F8D9778143341683BDF0F9C04354170E7FB0978143341D022DBF99B04354198C420106F14334190976EB299043541B09DEF476B143341A045B67396043541408B6C6763143341C876BE1F93043541A0EFA7865814334150E3A5BB90043541C09F1A8F4B143341A89BC42090043541886CE79B4A14334190976E129004354130333373471433410000000091043541182FDD643E1433418816D98E95043541580E2D7239143341703D0AF79C043541601058D937143341E8D0225B9F043541683BDF8F37143341E8D022FB9F04354130DD24A634143341A045B653A6043541B8C8761E3014334150E3A51BB304354190976EB22D14334110583914BB043541803F35BE32143341E04F8D37BB04354198C420D03D143341B01C5AA4B904354118D9CEF744143341F0FDD4F8B4043541D878E9264B143341B01C5A44B304354108AC1C1A4C143341C820B052B3043541508D974E58143341288716B9AC043541088195436214334168666626AD043541B07268516714334110022B67AE043541"
"W","3133.93661996466","0106000020BD0B00000100000001030000000100000010000000A0703D2A73D93341580E2D5227923441508D970E6FD9334140355E1A2992344190ED7C3F5DD93341E07A148E3C923441D878E9E65CD93341303333734592344148B6F33D65D93341789318E45392344120DBF99E6FD93341986E12636492344160E5D00277D93341986E12C372923441288716F97FD93341408B6C0774923441508D97EE80D93341789318247392344148E17A1487D93341D0F753637092344138DF4FED92D93341C09F1ACF59923441E0A59BE499D933412831080C43923441683BDF0F9AD93341A045B6133F923441002B87B691D93341703D0A9731923441703D0AF784D93341D0CCCC0C29923441A0703D2A73D93341580E2D5227923441"
"W","3130.18287761323","0106000020BD0B0000010000000103000000010000001300000048B6F3BD07273341F0FDD4183BC13441B07268B107273341F0D24D2225C13441683BDF4FF7263341A89BC46018C13441088195C3E3263341A89BC4800DC13441B8F3FDB4DE26334120DBF93E0CC134411083C08ADB263341E8FBA93110C13441288716B9DC2633414060E55024C13441B8490C02E22633410000008035C13441F0D24D42E5263341D8F97ECA48C1344148378961E426334170E7FBC95CC1344120DBF93EE62633417012830062C13441288716D9E9263341303333136CC13441701283A0ED263341408B6C4770C1344108819583F2263341E8D0227B72C134414060E590FA263341886CE7BB70C13441B8C876BEFD263341A0EFA7E66DC134412806817504273341C84B37295CC13441205A641B0627334130B29D2F4CC1344148B6F3BD07273341F0FDD4183BC13441"
"W","3110.27545595565","0106000020BD0B00000100000001030000000100000018000000205A64DB47B23341F0D24D42F4C53441A045B67348B23341806ABC54FEC5344100D5782944B233415839B42806C6344110022BC735B23341C820B0920EC63441989999992FB2334178E9265115C63441D878E94626B2334130B29DEF19C63441986E12631EB233418816D98E19C63441D878E9661BB23341E8FBA97117C63441180456EE1FB23341E8FBA9B123C634414060E5702AB23341F853E32531C63441480C020B34B23341F853E3A538C634417012834039B23341E8FBA9D135C63441288716793BB23341E07A14CE2EC63441D0CCCC6C42B2334170E7FB292EC6344108AC1C3A51B23341C0F528DC35C63441385EBAE961B23341000000803AC6344148E17AD471B2334138DF4F2D3DC63441C0CAA1E573B23341480C024B3AC634417814AE4773B233414837892132C6344148B6F3DD69B23341B8F3FDB425C63441806ABC9461B23341C09F1A4F13C6344190C2F54859B2334130B29DEF03C6344168BC74D34DB23341480C026BF6C53441205A64DB47B23341F0D24D42F4C53441"
"W","3104.81399505632","0106000020BD0B0000010000000103000000010000001A000000000000E0E5013341205A64DB080A3541105839F4E4013341182FDDE4060A3541D0CCCC2CCF013341D022DBF9010A354138894140BB013341408B6C07000A354108AC1C3AA6013341B8490C22FF093541E8263148A2013341303333F3FD093541D8CEF77396013341B01C5A84FB093541B8C8767E80013341F87E6A9CF9093541C0CAA1A57A013341E8FBA951F809354130B29DAF6101334178BE9F5AF7093541F0A7C68B5D013341D0F75323FA09354108560E4D5B01334160105819FF093541A8C64B175B013341182FDD04040A3541989999195B013341B8490C22050A354100D578C95F013341D8F97E4A0B0A3541803F35BE66013341C0CAA1A50C0A3541D0CCCCAC6D01334118D9CED70D0A3541182FDD647E013341B8F3FD94130A35417068916D96013341D878E9A6140A354138B4C836AC01334170128380170A35416891ED3CC101334130DD2466180A3541886CE73BC701334190180496180A3541B8F3FD34D101334198438B0C180A3541C0F5289CE601334130DD24E60F0A3541D8A370BDE701334178E926F10C0A3541000000E0E5013341205A64DB080A3541"
"W","3096.29748700559","0106000020BD0B000001000000010300000001000000180000008816D92E95D73341A8F1D20D93923441388941A092D73341E0A59BE498923441F8A9F19293D73341F87E6AFC9B9234416891ED7C97D73341986E12039E923441886CE77BA0D73341886CE77B9E92344150E3A57BA3D73341C876BE9F9C9234417814AE27A9D73341D04D62B08E923441285C8FC2ADD7334138DF4FED7E92344108D7A370B6D7334138DF4F2D6E9234411804568EBAD7334108D7A3706B92344138894120C2D73341D0F753A35D923441280681D5C4D73341E04F8DB74A923441F07C3F95C6D73341C09F1AAF3892344110022B07C8D7334190976ED23092344108819523C6D73341F07C3FB52C9234418816D94EC3D73341601058992A9234415839B448AFD73341F0A7C6AB29923441B01C5A24ACD7334160E5D0A22C923441B047E19AA6D73341F0A7C66B3A92344160BA49CC9FD73341B81E852B4E923441E04F8D179DD7334108D7A3105E9234414060E5709FD7334150B81E456F923441F8A9F1929CD73341E07A142E829234418816D92E95D73341A8F1D20D93923441"
"W","3093.80636700056","0106000020BD0B00000100000001030000000100000012000000A0EFA766681633411083C0EA111A35415839B4286F163341C876BE3F171A3541B8C8761E7316334150E3A57B171A354120DBF91E761633412831088C161A3541A0703DEA8B163341E0240661051A354138B4C8569516334160BA49CCFA193541F07C3F359816334108AC1CDAE419354120B072A897163341F0A7C6CBDA193541506210B89016334108AC1C7AD8193541388941E084163341205A64FBD619354110022B67701633416891ED1CE0193541F8A9F17260163341A01A2F7DDF193541D0F753635B163341A8F1D24DE0193541B09DEF2755163341D0CCCC0CE8193541385EBAE94F163341701283E0EB19354168BC74B34F163341F0A7C6CBF0193541E82631085C16334188EB5158031A3541A0EFA766681633411083C0EA111A3541"
"W","3087.69738701917","0106000020BD0B00000100000001030000000100000012000000A8C64BF7B088334140355EFACCC7344148E17A14BE883341D8F97E8AC9C73441D878E9C6BB883341E8D0225BB8C7344100D57889B8883341408B6C27A6C7344148E17A34B1883341385EBAE995C73441C0F5289CAA88334108D7A3908CC73441283108CCA48833416891ED5C88C7344110022B279F883341C0CAA12581C7344198C420509C88334130B29DEF7DC7344118AE47419A88334108560ECD7DC7344100000060928833413008AC7C7CC73441508D97EE7E88334118D9CEB785C7344180C0CAE183883341E04F8DF79CC734416891ED1C90883341C876BE9FB2C7344170E7FB8996883341D8F97EEABCC73441E8D0223B9E883341D8F97E4AC7C734413008AC1CA688334178BE9F9AC8C73441A8C64BF7B088334140355EFACCC73441"
"W","3075.09102254244","0106000020BD0B00000100000001030000000100000015000000E8FBA9F1761A334138894120981B3541608FC2D5751A334130B29D0F981B3541608FC295701A3341105839F49D1B3541703D0A376C1A334100D578C9A91B35418095436B6B1A3341506210B8BB1B3541C07493D86D1A33415839B4E8C81B354108D7A370731A3341E8D0221BD31B3541C07493D8781A3341B8490C62E21B3541000000A07C1A334118AE47A1E51B354120DBF99E821A3341A045B6D3E51B35411083C0AA871A3341E04F8DF7E51B354130B29DCF8E1A3341E0240641E21B3541388941E0A31A33412831080CCA1B3541F07C3FF5A51A3341F853E325C71B3541A89BC480A11A3341706891EDB71B3541D0CCCCEC971A3341E0A59B84B01B3541D878E906941A334118D9CE77AC1B354138B4C8768A1A3341283108ECA01B3541B09DEFC7851A334180C0CAC19A1B3541283108EC7D1A3341F0FDD478961B3541E8FBA9F1761A334138894120981B3541"
"W","3072.78697164217","0106000020BD0B00000100000001030000000100000010000000285C8F42379B334188EB51D8C5E0344108819543349B3341D04D62B0C4E03441C07493582D9B3341B81E858BC4E034413008ACDC289B334168666646CEE03441986E12E33D9B334100D57849E6E0344108D7A330529B3341A8C64B370DE13441D022DB99679B33415062103834E1344188EB51586E9B3341789318843BE13441C0749358779B3341088195E339E13441F87E6ABC799B3341285C8FE232E1344178E92651779B3341288716D921E13441D878E9A6749B3341E851B89E1BE13441B8C876DE6A9B334168666626FEE0344110022B07569B3341B81E852BE2E0344168BC74F3419B3341D8F97E4ACCE03441285C8F42379B334188EB51D8C5E03441"
"W","3069.37836803868","0106000020BD0B0000010000000103000000010000001E000000E0A59BC4A4083341886CE7BBA10235413008ACDCA5083341A89BC4C0A2023541F853E3C5AA083341385EBA09A302354100D578E9AE08334148378941A002354170E7FB69B608334178E926719402354108819563B7083341601058797C023541D0CCCC4CB90833417893188465023541901804D6BC08334170E7FB895B023541102DB2DDBF08334178E926B158023541701283E0C5083341706891ED570235415839B428CB083341C0F5283C51023541F8285CAFCB083341F07C3F1547023541D878E9E6C8083341A8C64BF73E02354198438B0CC4083341D8A370DD3A02354170128340C008334168BC74933802354178931844BD08334130B29D8F38023541508D97EEAC0833414060E5D03D023541506210F899083341B09DEF073D023541F07C3F1598083341E04F8DF73B023541408B6CE794083341480C02EB3F023541B8C8765E9308334148E17AD44D023541B047E15A930833415839B4C84E023541E8D022BB96083341E8D022FB5C02354118D9CE379E083341A8F1D24D6A023541706891CDA4083341B01C5AA472023541C820B052A9083341A8F1D2ED7C023541D8A3701DA9083341601058D98102354100D578C9A4083341408B6CC78B02354168BC7473A3083341E82631A893023541E0A59BC4A4083341886CE7BBA1023541"
"W","3062.02539301175","0106000020BD0B0000010000000103000000010000000E000000686666A6366B3341A8F1D2CDBCF63441D878E9663D6B3341E04F8D17ABF63441C0F5289C466B334150B81E85A4F63441102DB29D4F6B3341803F35DEA2F6344100D57849426B33417068912D7BF6344120B072C83D6B3341C0CAA10571F63441703D0A57266B3341580E2DF262F63441608FC2B50B6B3341F0D24DC259F6344190C2F5280E6B334100D5780969F634415839B4A8246B334190976EF28AF634415839B408286B33415839B428B2F6344178BE9FBA296B334188416045B9F634417068918D326B334150B81EC5BEF63441686666A6366B3341A8F1D2CDBCF63441"
"W","3048.44336399337","0106000020BD0B0000010000000103000000010000001200000040355E3AACDC3341E02406E1EB843441703D0A17A6DC334108560EADED843441288716D998DC3341400AD723F6843441D022DB9994DC33417068910DFC843441F853E3A590DC3341B8F3FDF410853441E04F8D378FDC3341D8F97EEA1D8534412085EB918EDC3341285C8FE22B853441F0A7C6EB90DC3341C0CAA1053B853441809543CB95DC3341683BDF2F3F85344150B81EC5A4DC3341E02406E140853441D0F75303AFDC334190ED7C3F3785344190976E12B7DC3341683BDF8F20853441408B6C47B9DC334120DBF99E1B853441D022DBD9BADC3341508D978E0D853441C0CAA165BDDC3341F0FDD4B8FF843441986E12E3BDDC3341102DB2BDF1843441D0F75343BADC334160BA498CEC84344140355E3AACDC3341E02406E1EB843441"
"W","3027.09092896699","0106000020BD0B000001000000010300000001000000140000002831080CD5DE3241F87E6A5CD2833441480C028BCEDE3241580E2D12DB83344188EB5118CADE3241480C02EBE6833441C876BE5FC1DE3241E851B89EF7833441D8CEF7D3C1DE324178E926B10484344148B6F33DC9DE324140355E1A1384344190180436DBDE3241601058D92A8434418816D9EEDFDE324158643BFF3084344198C420B0E4DE3241D022DB593684344108D7A3B0EDDE3241C8A145B639843441C09F1AAFF3DE3241F0D24DE239843441C09F1ACFFADE324130B29D2F35843441E04F8D17FCDE3241483789412E84344168BC7493F6DE3241288716F922843441C8A14556E9DE3241F0A7C66B10843441A8C64B97E7DE324150E3A53B0B843441F8A9F1B2E3DE3241F07C3F15F183344148E17A94E3DE324148378901DA83344148B6F3FDDEDE3241806ABCB4D38334412831080CD5DE3241F87E6A5CD2833441"
"W","3022.21537706954","0106000020BD0B0000010000000103000000010000001B000000A0703DEA0BF1324158643BFFBF06354120B0720801F13241C820B072BA063541D022DB19FAF03241F0D24D42B9063541F8A9F112F4F03241C0F528FCBA06354110583934E8F0324188EB5178CF063541D8CEF7F3E5F0324138894180D6063541D04D6290E5F032418816D96EDE063541A0703D6AE7F0324188EB5178E3063541480C028BE8F03241C876BE9FF606354198C42010E9F03241408B6CA70407354108D7A350E5F03241A8F1D28D13073541C0CAA105DDF03241400AD7431D07354120B072C8DAF03241C84B37292007354140355EBADBF03241E826314822073541F853E3C5DDF0324140355E5A2307354198438BACDFF032419018047623073541608FC2D5E5F03241F07C3F9521073541B01C5AE4EBF03241303333F31D07354110022B87F4F03241480C022B0F073541D8CEF7B3F7F032417814AE470D073541E07A14EEFDF0324150B81E85050735412085EBF10AF1324190ED7C1FED063541303333730FF13241803F353EE206354138B4C8D612F1324148B6F35DD906354118D9CE7712F1324150E3A53BCA063541803F359E10F13241580E2D32C5063541A0703DEA0BF1324158643BFFBF063541"
"W","2998.098218509","0106000020BD0B0000010000000103000000010000000F0000003008ACBCDD9B3341F0FDD4B8FAE63441D8A370DDDA9B334148E17AD400E7344148B6F35DDC9B334108D7A3F00EE7344110022BA7E49B334188EB51581DE7344190180476F39B334190ED7CFF21E73441703D0A97009C334190976E9237E73441285C8F820D9C3341182FDD243BE73441A0703DCA1A9C334188EB519833E73441506210381D9C334140355EBA29E7344128871699179C3341205A647B1FE7344160E5D082069C3341B01C5AA409E734416891ED1C099C3341986E12C3FCE6344140355E9A049C334130333373EEE6344150B81EA5E39B3341408B6C27EEE634413008ACBCDD9B3341F0FDD4B8FAE63441"
"W","2971.12305004615","0106000020BD0B00000100000001030000000100000015000000B8490C22D1153341E8FBA991961E35415839B428D4153341480C02CB951E354138894140E215334148E17A54921E3541F87E6A7CF415334138B4C8168C1E354108D7A3D0FE15334108560E6D841E35411804560E05163341809543CB7D1E3541D0F753630916334130B29DEF751E3541803F353E1216334108819523611E3541F853E3A515163341285C8F62591E35413008ACBC1416334178BE9F5A551E3541D0CCCCEC11163341608FC235511E354100D578090D163341F853E3E54D1E3541480C024B0316334198438B8C481E3541F853E365FE1533411804564E471E354168BC7453F615334178E926F1471E3541F8A9F112F1153341C8A145D64D1E3541A045B633E5153341E04F8D57611E3541E07A148EDB15334190C2F5E8721E35411804562ED815334198C420F07B1E35412831086CD315334160E5D0A28D1E3541B8490C22D1153341E8FBA991961E3541"
"W","2959.30415405263","0106000020BD0B0000010000000103000000010000000A000000480C028B6390334180C0CAA11CFF344108AC1CBA66903341E8FBA9D119FF3441483789016690334148E17AB4F7FE3441B07268514C90334180C0CA81D9FE344130DD240630903341A8F1D24DC9FE3441A8F1D24D26903341288716F9C1FE3441E04F8DD735903341803F35BEFDFE34417814AE0742903341789318440FFF344198C420705C903341400AD7631EFF3441480C028B6390334180C0CAA11CFF3441"
